שם עסק,מקצוע,טלפון,עיר,דירוג בגוגל
אינסטלטור Plumber26,אינסטלטור,+972 54-579-7599,נתניה,5.0
ד.ש טכנולוגיות- מתמחים באיתורי נזילות ותיקונים ללא הרס,אינסטלטור,+972 54-303-7924,נתניה,5.0
אינסטלטור נתניה והסביבה - עידן האינסטלציה,אינסטלטור,+972 54-979-2922,נתניה,5.0
איתור נזילות מים בהובלת אושר לוי,אינסטלטור,+972 77-804-4839,נתניה,5.0
כפיר 'בוב הבנאי' - הנדימן לכל עבודה | חשמלאי מוסמך | אינסטלטור | שיפוצניק,אינסטלטור,+972 52-554-2435,נתניה,5.0
ארז רובין איתור נזילות,אינסטלטור,+972 50-528-2928,נתניה,5.0
מים חיים המומחים לתשתיות ומערכות המים והאינסטלציה,אינסטלטור,+972 54-880-4048,קדימה,5.0
אינסטלטור מומלץ בחדרה - אלירן תיקון דודי שמש,אינסטלטור,+972 52-840-7197,חדרה,5.0
"ליקדט איתור נזילות בע""מ",אינסטלטור,+972 54-979-8169,אבן יהודה,5.0
ישראל מונטיאנו אינסטלטור,אינסטלטור,+972 52-314-0087,קדימה,5.0
אביאור אינסטלציה - אינסטלטור בחדרה,אינסטלטור,+972 50-969-7984,חדרה,5.0
אינסטלטור בשרון לוי אינסטלציה,אינסטלטור,+972 50-541-4514,נתניה,5.0
"גבי את יאיר אינסטלציה בע""מ",אינסטלטור,+972 50-527-7606,פרדס חנה,5.0
בן שטרית פרויקטים,אינסטלטור,+972 52-888-8003,אור עקיבא,5.0
שמעון אזולאי פשפש יצאת צדיק,אינסטלטור,+972 52-578-5321,אור עקיבא,5.0
Itamar Medical Ltd.,אינסטלטור,+972 4-617-7000,קיסריה,5.0
איתור נזילות רפאל ומתן סבן RMS,אינסטלטור,+972 54-227-2333,נתניה,4.9
יוחננוב שירותי ביובית | שאיבת ביוב,אינסטלטור,+972 53-551-0029,נתניה,4.9
"אי. אס סקורה אחזקות בע""מ",אינסטלטור,+972 72-322-2590,קדימה,4.9
אינסטלטור - ע.מ שירותי אינסטלציה,אינסטלטור,+972 52-626-2724,חדרה,4.9
חשמלאי בנתניה דוד,חשמלאי,+972 9-372-0209,נתניה,5.0
חשמלאי בנתניה - חשמל נתניה,חשמלאי,+972 52-242-2351,נתניה,5.0
חשמלאי בנתניה - דודו חשמלאי מוסך בנתניה,חשמלאי,+972 9-372-0201,נתניה,5.0
יוסי חשמלאי מוסמך בנתניה,חשמלאי,+972 50-534-6012,נתניה,5.0
חשמל המאיר,חשמלאי,+972 54-656-2006,נתניה,5.0
חשמל רכב אברהם תורתי,חשמלאי,+972 9-882-2287,נתניה,5.0
יחל חשמלאי,חשמלאי,+972 52-707-5005,נתניה,5.0
נועם פרידריך שירותי חשמל מתקדמים,חשמלאי,+972 52-859-3235,משמר השרון,5.0
דותן תיקוני דרכים,חשמלאי,+972 50-576-7959,נתניה,5.0
ליאור אגרסט מהנדס יועץ חשמל מ.ר. 108732,חשמלאי,+972 50-711-1486,נתניה,5.0
חשמלאי מוסמך - גשר עבודות חשמל,חשמלאי,+972 54-660-2094,קדימה,5.0
שרון ברקוביץ חשמלאי מוסמך,חשמלאי,+972 50-227-6611,קדימה,5.0
מ.ד חשמל ומיזוג לרכב,חשמלאי,+972 50-685-5466,קדימה,5.0
עולם החשמל והאלקטרוניקה,חשמלאי,+972 9-796-2388,תל מונד,5.0
כפיר בשארי טכנאי מקררים בנתניה,חשמלאי,+972 54-454-9603,כפר יונה,5.0
חזי שירותי חשמל,חשמלאי,+972 54-461-7972,בת חפר,5.0
שמעון החשמלאי - חשמלאי מוסמך בחדרה והסביבה.,חשמלאי,+972 54-474-6990,חדרה,5.0
שי כהני חשמלאי חדרה,חשמלאי,+972 52-567-7754,חדרה,5.0
חשמלאי מוסמך ערן חדרה,חשמלאי,+972 54-335-5323,חדרה,5.0
חשמלאי מוסמך - בוסקילה עבודות חשמל,חשמלאי,+972 54-497-0928,חדרה,5.0
טכנאי מזגנים אור עקיבא רודי,טכנאי מיזוג אוויר,+972 54-794-4004,אור עקיבא,5.0
Cool Time,טכנאי מיזוג אוויר,+972 50-778-4877,נתניה,5.0
נתנאל נחום - מיזוג וקירור אוויר,טכנאי מיזוג אוויר,+972 53-825-3275,נתניה,5.0
אבנר גיא פסגת הקור והחום - מיזוג אוויר ודודי שמש,טכנאי מיזוג אוויר,+972 52-252-6312,תל מונד,5.0
"טכנאי מזגנים - מכירה, התקנה ותיקון לכל סוגי המזגנים",טכנאי מיזוג אוויר,+972 54-480-8617,חדרה,5.0
כפיר בשארי טכנאי מקררים בנתניה,טכנאי מיזוג אוויר,+972 54-454-9603,כפר יונה,5.0
הראשון במיזוג,טכנאי מיזוג אוויר,+972 50-539-1597,כפר יונה,5.0
צח מיזוג אוויר,טכנאי מיזוג אוויר,+972 53-954-1776,חדרה,5.0
חשמלאי מוסמך ערן חדרה,טכנאי מיזוג אוויר,+972 54-335-5323,חדרה,5.0
קניג מערכות מיזוג אויר,טכנאי מיזוג אוויר,+972 50-511-1373,חדרה,5.0
טכנוזוג,טכנאי מיזוג אוויר,+972 55-994-8856,חדרה,5.0
"א לפיד בע""מ - אורי לפיד",טכנאי מיזוג אוויר,+972 50-662-2697,חדרה,5.0
דוד קירור,טכנאי מיזוג אוויר,+972 52-266-7396,אור עקיבא,5.0
מיזוג ואחזקה,טכנאי מיזוג אוויר,+972 54-710-6464,נתניה,4.9
מזגנים - תיקון התקנת מזגן - טכנאי מזגנים,טכנאי מיזוג אוויר,+972 55-922-5569,כפר יונה,4.9
גז - כהן טכנאי גז מוסמך,טכנאי מיזוג אוויר,+972 54-253-6125,כפר יונה,4.9
טכנאי טלוויזיה,טכנאי מיזוג אוויר,+972 50-581-1206,פרדס חנה,4.9
שער הקור טכנאי מזגנים והתקנות,טכנאי מיזוג אוויר,+972 52-613-5986,נתניה,4.8
דניאל מיזוג אוויר ניקוי ותיקון מזגנים,טכנאי מיזוג אוויר,+972 58-403-0133,כפר יונה,4.8
טכנאי מזגנים מוסמך- פרדס חנה כרכור,טכנאי מיזוג אוויר,+972 55-669-0288,פרדס חנה,4.8
מנעולן - אורי מנעולן מוסמך נתניה,מנעולן,+972 50-775-6474,נתניה,5.0
אריאל מנעולן בנתניה,מנעולן,+972 53-420-1216,נתניה,5.0
א.תורג'מן מנעולים--מנעולן פורץ ומתקן דלתות רכבים וכספות,מנעולן,+972 52-553-9297,נתניה,5.0
אבי דלתות ומנעולים קריית השרון,מנעולן,+972 52-567-8087,נתניה,5.0
האלוף בשכפול- שכפול מפתחות ושלטים לרכב,מנעולן,+972 55-725-8854,נתניה,5.0
יוסי מנעולן באבן יהודה פורץ דלתות רכבים וכספות,מנעולן,+972 50-444-3900,אבן יהודה,5.0
ניצן המנעולן,מנעולן,+972 52-441-5569,כפר יונה,5.0
מנעולן מקצועי ואמין,מנעולן,+972 54-655-5580,כפר יונה,5.0
מנעולן בחדרה רז כהן C.R,מנעולן,+972 50-305-5012,חדרה,5.0
אבחון במכשיר תדרים בבית הלקוח,מנעולן,+972 54-365-4321,חדרה,5.0
המושיע- מנעולן מוסמך בחדרה והסביבה,מנעולן,+972 50-798-7044,חדרה,5.0
מנעולן בחדרה זהבי מנעולן,מנעולן,+972 50-367-1463,חדרה,5.0
מנעולן בחדרה,מנעולן,+972 50-830-3609,חדרה,5.0
מנעולן בחדרה - וובה המנעולן,מנעולן,+972 50-919-6090,חדרה,5.0
מנעולן דלתות בחדרה/מתקין דלתות.,מנעולן,+972 53-333-1858,חדרה,5.0
"עדי לוגסי מנעולן פרדס חנה-כרכור,אור עקיבא, חדרה שירות ללא תחרות",מנעולן,+972 50-681-8419,פרדס חנה,5.0
גיל פסקל המנעולן בשבילך,מנעולן,+972 54-729-8453,נתניה,4.9
מנעולן בחדרה - סופר מנעולים ( מני ),מנעולן,+972 52-474-0723,חדרה,4.9
מפתח לכל-קובי זלוטניק,מנעולן,+972 4-632-2251,חדרה,4.9
מנעולן בנתניה קובי מנעולים שכפול מפתחות ושלטים לרכב ולבית,מנעולן,+972 50-538-9116,נתניה,4.8
אלקטרו רמי,טכנאי מוצרי חשמל,+972 9-884-7338,נתניה,5.0
שירות נאה,טכנאי מוצרי חשמל,+972 50-524-8160,נתניה,5.0
תומר בסון טכנאי מסוג אחר,טכנאי מוצרי חשמל,+972 54-471-8522,חדרה,5.0
כפיר בשארי טכנאי מקררים בנתניה,טכנאי מוצרי חשמל,+972 54-454-9603,כפר יונה,5.0
מים חיים המומחים לתשתיות ומערכות המים והאינסטלציה,טכנאי מוצרי חשמל,+972 54-880-4048,קדימה,5.0
K.O.R Computer Lab,טכנאי מוצרי חשמל,+972 52-657-2427,קדימה,5.0
עולם החשמל והאלקטרוניקה,טכנאי מוצרי חשמל,+972 9-796-2388,תל מונד,5.0
PCB FIX - מעבדה לתיקון כרטיסים אלקטרונים,טכנאי מוצרי חשמל,+972 54-239-6789,כפר יונה,5.0
טכנאי מזגנים אור עקיבא רודי,טכנאי מוצרי חשמל,+972 54-794-4004,אור עקיבא,5.0
טכנאי מקררים בחדרה משה תיקון מקררים,טכנאי מוצרי חשמל,+972 50-808-7234,חדרה,5.0
חשמלאי מוסמך ערן חדרה,טכנאי מוצרי חשמל,+972 54-335-5323,חדרה,5.0
צח מיזוג אוויר,טכנאי מוצרי חשמל,+972 53-954-1776,חדרה,5.0
הנדסאי חשמל חנן ישראלי,טכנאי מוצרי חשמל,+972 76-860-5839,אור עקיבא,5.0
דוד קירור,טכנאי מוצרי חשמל,+972 52-266-7396,אור עקיבא,5.0
כלבו טכני,טכנאי מוצרי חשמל,+972 9-861-7206,נתניה,4.9
אייס קומפיוטרס ומק,טכנאי מוצרי חשמל,+972 54-626-3626,אבן יהודה,4.9
Nextlab,טכנאי מוצרי חשמל,+972 9-886-6037,נתניה,4.9
מזגנים - תיקון התקנת מזגן - טכנאי מזגנים,טכנאי מוצרי חשמל,+972 55-922-5569,כפר יונה,4.9
סי.אס.אמ מעבדת מחשבים כפר יונה,טכנאי מוצרי חשמל,+972 50-498-9666,כפר יונה,4.9
מעבדת אלקטרוניקה יצחק- תיקון מחשבים ניידים ואלקטרוניקה לתעשייה,טכנאי מוצרי חשמל,+972 50-597-4233,חדרה,4.9
שירות למחשב בבית הלקוח,טכנאי מחשבים,+972 52-348-7418,נתניה,5.0
סולטק פתרונות מחשוב מתקדמים,טכנאי מחשבים,+972 9-796-8000,נתניה,5.0
המעבדה - מעבדת סלולר באבן יהודה | תל מונד | צור משה | קדימה צורן,טכנאי מחשבים,+972 53-941-7760,אבן יהודה,5.0
"ארנס שיווק בע""מ",טכנאי מחשבים,+972 9-891-9151,אבן יהודה,5.0
K.O.R Computer Lab,טכנאי מחשבים,+972 52-657-2427,קדימה,5.0
סי.אס.אמ מחשבים - קדימה צורן,טכנאי מחשבים,+972 50-498-9666,קדימה,5.0
QuickTech,טכנאי מחשבים,+972 52-654-2288,קדימה,5.0
PcP-מעבדה/חנות מחשבים וטכנולוגיה,טכנאי מחשבים,+972 52-452-7307,כפר יונה,5.0
אמיר מחשבים,טכנאי מחשבים,+972 54-491-1662,כפר יונה,5.0
אודיטק מחשבים ותקשורת,טכנאי מחשבים,+972 54-892-7474,כפר יונה,5.0
איקס מחשבים,טכנאי מחשבים,+972 53-434-2125,בת חפר,5.0
רם און ליין מחשבים רמון טכנאי בעמק חפר והסביבה,טכנאי מחשבים,+972 52-391-9111,קדימה,5.0
רועי מחשבים,טכנאי מחשבים,+972 50-652-1345,חדרה,5.0
SP מחשבים,טכנאי מחשבים,+972 54-238-3774,פרדס חנה,5.0
טק-תרפי מחשבים,טכנאי מחשבים,+972 54-536-8629,פרדס חנה,5.0
S.O.S מחשבים,טכנאי מחשבים,+972 54-652-6206,פרדס חנה,5.0
דגן מחשבים,טכנאי מחשבים,+972 54-993-3053,פרדס חנה,5.0
ROY GAMES-רועי גיימס - גיימינג | קונסולות | פלייסטיישן | אקסבוקס XBOX | נינטנדו סוויץ | שרות תיקונים לכל הקונסולות,טכנאי מחשבים,+972 58-655-0455,אור עקיבא,5.0
TOM מערכות מחשבים ותקשורת,טכנאי מחשבים,+972 1-800-800-866,אור עקיבא,5.0
חיים סטבון טכנאי מחשבים,טכנאי מחשבים,+972 52-230-0079,נתניה,4.9
770phone magasin de téléphone | חנות טלפונים בנתניה 770פון,טכנאי סלולר,+972 51-524-4570,נתניה,5.0
המעבדה - מעבדת סלולר באבן יהודה | תל מונד | צור משה | קדימה צורן,טכנאי סלולר,+972 53-941-7760,אבן יהודה,5.0
מעבדת סלולר באבן יהודה נשבר לי מומחים לאייפון וגלקסי,טכנאי סלולר,+972 54-541-0432,אבן יהודה,5.0
קליק פון סניף קדימה מתחם רולדין,טכנאי סלולר,+972 9-742-8362,קדימה,5.0
מגיק פון - Magic Phone מעבדת סלולר,טכנאי סלולר,+972 53-755-5262,חדרה,5.0
מעבדה לתיקון טלפונים סלולריים uv mobile,טכנאי סלולר,+972 53-928-6199,בת חפר,5.0
Pelephoneia - חנות ומעבדה טלפונים חדרה,טכנאי סלולר,+972 53-756-6667,חדרה,5.0
סטאר פון - חנות טלפונים בחדרה | חנות פלאפונים | תיקון טלפונים | מעבדת סלולר,טכנאי סלולר,+972 54-894-0000,חדרה,5.0
Smart Cell פרדס חנה,טכנאי סלולר,+972 52-260-0606,פרדס חנה,5.0
ROY GAMES-רועי גיימס - גיימינג | קונסולות | פלייסטיישן | אקסבוקס XBOX | נינטנדו סוויץ | שרות תיקונים לכל הקונסולות,טכנאי סלולר,+972 58-655-0455,אור עקיבא,5.0
Nextlab,טכנאי סלולר,+972 9-886-6037,נתניה,4.9
סמארטפון - חנות טלפונים מקצועית וזולה בנתניה,טכנאי סלולר,+972 54-804-6940,נתניה,4.9
אול מובייל דיגיטל עיר ימים,טכנאי סלולר,+972 9-886-6894,נתניה,4.9
קלסיק פון,טכנאי סלולר,+972 58-464-4446,נתניה,4.9
קליק פון - נתי סימוני,טכנאי סלולר,+972 77-551-6292,תל מונד,4.9
אודל פון - חנות טלפונים בכפר יונה | חנות פלאפונים | תיקון טלפונים | מעבדת סלולר,טכנאי סלולר,+972 53-254-2555,כפר יונה,4.9
סי.אס.אמ מעבדת מחשבים כפר יונה,טכנאי סלולר,+972 50-498-9666,כפר יונה,4.9
omer her cell,טכנאי סלולר,+972 52-725-5104,פרדס חנה,4.9
We Fix phone,טכנאי סלולר,+972 58-727-7000,בת חפר,4.9
הלו חדרה,טכנאי סלולר,+972 4-632-2603,חדרה,4.9
תומר בסון טכנאי מסוג אחר,טכנאי טלוויזיה,+972 54-471-8522,חדרה,5.0
כפיר 'בוב הבנאי' - הנדימן לכל עבודה | חשמלאי מוסמך | אינסטלטור | שיפוצניק,טכנאי טלוויזיה,+972 52-554-2435,נתניה,5.0
המעבדה - מעבדת סלולר באבן יהודה | תל מונד | צור משה | קדימה צורן,טכנאי טלוויזיה,+972 53-941-7760,אבן יהודה,5.0
מעבדת סלולר באבן יהודה נשבר לי מומחים לאייפון וגלקסי,טכנאי טלוויזיה,+972 54-541-0432,אבן יהודה,5.0
כפיר בשארי טכנאי מקררים בנתניה,טכנאי טלוויזיה,+972 54-454-9603,כפר יונה,5.0
K.O.R Computer Lab,טכנאי טלוויזיה,+972 52-657-2427,קדימה,5.0
שירות נאה,טכנאי טלוויזיה,+972 50-524-8160,נתניה,5.0
עולם החשמל והאלקטרוניקה,טכנאי טלוויזיה,+972 9-796-2388,תל מונד,5.0
רם און ליין מחשבים רמון טכנאי בעמק חפר והסביבה,טכנאי טלוויזיה,+972 52-391-9111,קדימה,5.0
אלקטרו רמי,טכנאי טלוויזיה,+972 9-884-7338,נתניה,5.0
טכנאי מקררים בחדרה משה תיקון מקררים,טכנאי טלוויזיה,+972 50-808-7234,חדרה,5.0
טכנאי מזגנים אור עקיבא רודי,טכנאי טלוויזיה,+972 54-794-4004,אור עקיבא,5.0
כל אלקטריק,טכנאי טלוויזיה,+972 9-833-6145,נתניה,4.9
טכנאי טלוויזיה,טכנאי טלוויזיה,+972 50-581-1206,פרדס חנה,4.9
סטריאו סאונד - חנות מערכת קולנוע ביתית וסטריאו - מכירה והתקנה,טכנאי טלוויזיה,+972 50-795-8164,קדימה,4.9
מזגנים - תיקון התקנת מזגן - טכנאי מזגנים,טכנאי טלוויזיה,+972 55-922-5569,כפר יונה,4.9
חיים סטבון טכנאי מחשבים,טכנאי טלוויזיה,+972 52-230-0079,נתניה,4.9
סי.אס.אמ מעבדת מחשבים כפר יונה,טכנאי טלוויזיה,+972 50-498-9666,כפר יונה,4.9
קליק פון - נתי סימוני,טכנאי טלוויזיה,+972 77-551-6292,תל מונד,4.9
מעבדת אלקטרוניקה יצחק- תיקון מחשבים ניידים ואלקטרוניקה לתעשייה,טכנאי טלוויזיה,+972 50-597-4233,חדרה,4.9
Homey Naomy,צבעי,+972 50-296-6296,אבן יהודה,5.0
חמש אצבעות - אבן יהודה,צבעי,+972 55-685-5850,אבן יהודה,5.0
ליאורי - מרכז להתפתחות וחוויות,צבעי,+972 50-473-9709,אבן יהודה,5.0
סולה רהיטים בשרון בהתאמה אישית,צבעי,+972 54-887-7474,תל מונד,5.0
מירב חגי,צבעי,+972 50-749-9915,תל מונד,5.0
צבעים בשקד,צבעי,+972 9-796-8017,תל מונד,5.0
Kim Nizri Academy,צבעי,+972 55-947-0770,כפר יונה,5.0
פאינה גולבר חלצי | עיצוב פנים וסטיילינג לבית,צבעי,+972 54-492-4133,כפר יונה,5.0
צבעי השיש,צבעי,+972 4-622-2287,עמק חפר,5.0
סטודיו לציור ואומנות בעמק חפר | אורה קטנוב,צבעי,+972 50-252-6555,בת חפר,5.0
קורל שליכט צבעוני,צבעי,+972 4-873-8077,חדרה,5.0
עסק טוב שיפוצים ואינסטלציה,צבעי,+972 50-528-1381,פרדס חנה,5.0
מיחדוש חידוש רהיטים וחפצים,צבעי,+972 52-801-9084,פרדס חנה,5.0
מרכז החלקות ועיצוב שיער מיקי מושייב | החלקות • תספורות • פאות • צבעים,צבעי,+972 50-257-0505,אור עקיבא,5.0
Orit Nail Studio,צבעי,+972 54-949-2526,אור עקיבא,5.0
נגרית רפי,צבעי,+972 52-627-8840,אור עקיבא,5.0
דלתות הזוהר,צבעי,+972 4-955-5615,אור עקיבא,5.0
גלריית העיר העתיקה קיסריה- OLD CITY CAESAREA GALLERY,צבעי,+972 54-610-5250,קיסריה,5.0
כלה קלה - KALA KALA שמלות כלה במחירים שפויים,צבעי,+972 4-906-0888,קיסריה,5.0
באבא אבן - משתלת א. את שמעון,צבעי,+972 52-604-6044,אבן יהודה,4.9
חברת ניקיון בנתניה,חברת ניקיון,+972 77-996-6807,נתניה,5.0
מ.ג- ניקיון ואחזקה,חברת ניקיון,+972 50-770-5600,נתניה,5.0
ניקוי בתים בנתניה,חברת ניקיון,+972 52-969-7945,נתניה,5.0
חברת ניקיון בכפר יונה,חברת ניקיון,+972 77-729-8382,כפר יונה,5.0
מכבסת צורן - מכבסה בקדימה | ניקוי יבש | גיהוץ,חברת ניקיון,+972 55-452-3578,קדימה,5.0
שפיץ נקיונות השמה וכוח אדם,חברת ניקיון,+972 53-306-0099,נתניה,5.0
אלמוג שירותי הנדימן,חברת ניקיון,+972 53-303-3302,אור עקיבא,5.0
שיר קלין - ניקוי ספות וכל סוגי הבדים,חברת ניקיון,+972 50-916-5556,חדרה,5.0
Clean Expert - מכבסה בחדרה,חברת ניקיון,+972 74-762-0099,חדרה,5.0
א.ש הדברות ולכידת נחשים,חברת ניקיון,+972 52-704-1440,חדרה,5.0
לה סוויטה,חברת ניקיון,+972 54-237-1035,קיסריה,5.0
יורוקלין - מכבסה | ניקוי יבש,חברת ניקיון,+972 52-299-2274,תל מונד,4.9
תותחי הניקיון,חברת ניקיון,+972 53-270-8192,פרדס חנה,4.9
בניקו - שיווק מוצרי ניקיון,חברת ניקיון,+972 50-227-7390,פרדס חנה,4.9
מכבסת הראשונים Harishonim laundry,חברת ניקיון,+972 77-323-5111,פרדס חנה,4.9
ספא נאות,חברת ניקיון,+972 54-344-4911,קיסריה,4.9
חומרי ניקוי כחול לבן - סנונית,חברת ניקיון,+972 4-634-3929,חדרה,4.8
חומרי ניקוי מקצועיים SAG אס.איי.ג'י,חברת ניקיון,+972 50-978-0400,קיסריה,4.8
הלקוח המרוצה,חברת ניקיון,+972 73-728-7059,נתניה,4.7
פאי חברת ניקיון בנתניה,חברת ניקיון,+972 72-335-5594,נתניה,4.6
ליאור הובלות ואחסנה,חברת הובלות,+972 50-636-4012,נתניה,5.0
הובלות נתניה והסביבה,חברת הובלות,+972 53-363-3324,נתניה,5.0
צביקה ובניו --הובלות שלומי,חברת הובלות,+972 50-538-4715,נתניה,5.0
הובלות בכל הארץ - מובילים בהובלות,חברת הובלות,+972 53-793-4097,כפר יונה,5.0
הובלות אורן אור,חברת הובלות,+972 9-865-9999,נתניה,5.0
Good Moving,חברת הובלות,+972 54-833-9569,נתניה,5.0
מרימים שירותי הובלות,חברת הובלות,+972 55-566-3199,פרדס חנה,5.0
גונן הובלות בנתניה - חברת ההובלות שלכם,חברת הובלות,+972 73-374-5384,נתניה,5.0
רונן-הובלות ושירותי מנוף,חברת הובלות,+972 52-488-6506,נתניה,5.0
הובלות השרון,חברת הובלות,+972 54-436-2220,חדרה,5.0
הובלות מקסים - מעבר דירה בנתניה | Перевозки Максим,חברת הובלות,+972 53-770-1628,נתניה,5.0
דוד הובלות,חברת הובלות,+972 53-769-0595,אור עקיבא,5.0
אמיר הובלות,חברת הובלות,+972 52-723-7222,אור עקיבא,5.0
ש.ה.ל הובלות,חברת הובלות,+972 50-929-0232,אור עקיבא,5.0
הובלות דירה,חברת הובלות,+972 52-782-7823,נתניה,4.9
הובלות ושינוע - MoveMe,חברת הובלות,+972 53-334-1733,נתניה,4.9
ולדימיר – הובלות דירות בנתניה,חברת הובלות,+972 54-529-7227,נתניה,4.9
טבע הובלות,חברת הובלות,+972 54-330-2282,חדרה,4.9
הובלות חן,חברת הובלות,+972 52-252-7359,נתניה,4.9
סתיו הובלות,חברת הובלות,+972 50-250-0776,חדרה,4.9
איטומי שרון,גגן,+972 50-694-7306,נתניה,5.0
איטום גגות בנתניה מאור איטום,גגן,+972 72-338-6989,נתניה,5.0
גג חן,גגן,+972 53-758-8171,אבן יהודה,5.0
צל העץ פרגולות גגות ודקים,גגן,+972 54-553-2939,קדימה,5.0
גן פנדה,גגן,+972 50-658-8424,תל מונד,5.0
טפנוקיה - גן ילדים בתל מונד,גגן,+972 54-316-1110,תל מונד,5.0
גני עדן - שירותי גינון,גגן,+972 72-325-9909,כפר יונה,5.0
פעוטון ליאת,גגן,+972 54-555-5261,כפר יונה,5.0
גן סביון | גן ילדים פרטי בכפר יונה | גן כפר יונה,גגן,+972 54-726-5235,כפר יונה,5.0
"אורלי מרגוליס, צ'מבלולי חוגי מוסיקה ותנועה לגיל הרך לגנים פרטיים",גגן,+972 52-387-2970,כפר יונה,5.0
בגינה-ריהוט גן,גגן,+972 54-607-1507,חדרה,5.0
עמית בן ישי עבודות בעץ,גגן,+972 50-930-6622,עין החורש,5.0
פרגולות חדרה,גגן,+972 52-635-7778,חדרה,5.0
אבי פורט מרזבים,גגן,+972 57-755-4439,חדרה,5.0
אלי חיון גגות חן,גגן,+972 50-572-8814,פרדס חנה,5.0
באבא אבן - משתלת א. את שמעון,גגן,+972 52-604-6044,אבן יהודה,4.9
דשא וגן משתלה & עגלת קפה,גגן,+972 50-949-4904,כפר יונה,4.8
"חברת ""הגג היפה"" פרגולות, גדרות שערים, סוככים מסכי וילונות גלילה",גגן,+972 77-231-0353,אור עקיבא,4.8
האחים תמם,גגן,+972 52-690-6677,נתניה,4.7
גרפליין מתנות בעיצוב אישי,גגן,+972 9-745-7783,קדימה,4.7
"נגריית שיזף בע""מ",נגר,+972 9-899-5030,אבן יהודה,5.0
על המילימטר - עבודות עץ ואלומיניום,נגר,+972 50-978-3712,תל מונד,5.0
חיים אלון-מנהל ומבצע פרוייקטים בנגרות,נגר,+972 50-459-0900,נתניה,5.0
נגרייתE.R,נגר,+972 50-472-0072,נתניה,5.0
אסף נגריית,נגר,+972 52-660-7608,נתניה,5.0
נגרות מסורתית - Studio ADAMA | קורס נגרות,נגר,+972 54-575-6108,משמר השרון,5.0
Extreme Art - נגרות אומן,נגר,+972 54-267-0004,עמק חפר,5.0
נגריית גריף,נגר,+972 53-430-3445,כרכור,5.0
נגריית רובין ווד,נגר,+972 50-742-4727,עמק חפר,5.0
נגרית רפי,נגר,+972 52-627-8840,אור עקיבא,5.0
מטבחי שלישמן - מטבחים בחדרה - אולם תצוגה עיצוב מטבחים בחדרה - מטבחים כפריים ומודרנים אולם תצוגה פארק תעשיות עמק חפר,נגר,+972 4-622-1137,חדרה,5.0
נגריית עיצוב בעץ,נגר,+972 50-750-7500,פרדס חנה,5.0
סלבור בלה קרפנטרי מבית אורי בלה SlaBor Bella Carpentry Workshop by Uri Bella,נגר,+972 4-634-2262,אור עקיבא,5.0
נגריית בלאל עתאמנה חדרה,נגר,+972 50-545-8280,חדרה,5.0
המבצע,נגר,+972 54-423-6688,חדרה,5.0
נגריית גולן סנאדו,נגר,+972 50-543-2956,חדרה,5.0
זרמון ארונות בהתאמה אישית,נגר,+972 52-568-3681,חדרה,5.0
נגרית כהן שמעון,נגר,+972 4-634-4613,חדרה,5.0
נגריית כהן העץ,נגר,+972 54-447-5967,פרדס חנה,5.0
תומס נגרות בוטיק,נגר,+972 54-561-9787,פרדס חנה,5.0
גיזום לי אחזקות גינה וגיזום עצים,גנן,+972 55-930-2137,נתניה,5.0
יניב הגנן הקטן,גנן,+972 52-367-8722,חדרה,5.0
ערבות תכנון והקמת גינות,גנן,+972 52-243-9449,כפר יונה,5.0
הגן המכני,גנן,+972 9-956-8048,אבן יהודה,5.0
רוקח אדריכלות נוף,גנן,+972 9-969-6497,אבן יהודה,5.0
גנן הכפר,גנן,+972 54-771-1246,מכמורת,5.0
גינון הלל,גנן,+972 50-511-1185,קדימה,5.0
גני עדן - שירותי גינון,גנן,+972 72-325-9909,כפר יונה,5.0
אלון גינון,גנן,+972 52-244-5638,תל מונד,5.0
נטלי שון - גננית,גנן,+972 50-979-7264,תל מונד,5.0
אאוטסייד עיצוב גינות בוטיק,גנן,+972 54-493-6888,קדימה,5.0
נועה בן ארויה אדריכלות נוף,גנן,+972 52-899-8819,תל מונד,5.0
פאר יבוא ושיווק דשא סינטטי,גנן,+972 52-483-2220,כפר יונה,5.0
אלון גולן פיתוח נוף,גנן,+972 52-364-8709,פרדס חנה,5.0
גינה פיקס,גנן,+972 54-353-4678,פרדס חנה,5.0
earth code קוד האדמה,גנן,+972 55-687-3989,פרדס חנה,5.0
עטור עיצוב ופיתוח בגינה,גנן,+972 54-979-8997,פרדס חנה,5.0
שפע הטבע-הבית לגינון אקולוגי,גנן,+972 50-571-9682,פרדס חנה,5.0
עלה - תנו לטבע להכנס,גנן,+972 52-806-8933,פרדס חנה,5.0
גינון והקמה- אדם הגנן,גנן,+972 54-300-2102,אור עקיבא,5.0
מתפרת תיקונים בנתניה,תופרת,+972 54-446-1020,נתניה,5.0
יונה התופרת,תופרת,+972 50-791-3491,נתניה,5.0
"בית אלון (נתניה) בע""מ",תופרת,+972 9-862-5682,נתניה,5.0
שמלות כלה וערב אסתר סמדגה,תופרת,+972 52-702-8230,נתניה,5.0
מתפרת רפאל,תופרת,+972 52-293-7571,כפר יונה,5.0
וילונות מרינה,תופרת,+972 52-432-2560,קדימה,5.0
עופרה התופרת,תופרת,+972 54-346-9010,תל מונד,5.0
מתפרה בכפר,תופרת,+972 50-577-9063,כפר יונה,5.0
LDMenSalon | מספרת גברים פרימיום | אקדמיה לספרים,תופרת,+972 54-220-9646,כפר יונה,5.0
״פוקס סטודיו״ ללימודי עיצוב ותפירה,תופרת,+972 54-655-5641,קדימה,5.0
אירנה תופרת,תופרת,+972 54-537-2312,חדרה,5.0
רויטל אבידר - סטודיו 'במידה אישית',תופרת,+972 58-410-7056,חדרה,5.0
נועם שירותי תפירה,תופרת,+972 52-593-3222,חדרה,5.0
לירז רובין - שמלות כלה וערב,תופרת,+972 52-877-7067,אור עקיבא,5.0
טקסטיל,תופרת,+972 53-224-6221,אור עקיבא,5.0
כלה קלה - KALA KALA שמלות כלה במחירים שפויים,תופרת,+972 4-906-0888,קיסריה,5.0
קדר מפרשים Kedar Sails,תופרת,+972 52-341-2067,קיסריה,5.0
"קורסי תפירה, קורס עיצוב אופנה ותדמיתנות - Stylish - נתניה",תופרת,+972 73-777-3331,נתניה,4.9
מונסטון - שמלות ערב וכלות,תופרת,+972 9-799-8959,נתניה,4.9
חלום בלבן מאיה - שמלות כלה וערב בנתניה,תופרת,+972 53-934-4618,נתניה,4.9
מרפדיית אליהו,רפד,+972 52-857-1186,נתניה,5.0
הרפדיה,רפד,+972 51-224-1021,גן יאשיה,5.0
מתפרת רפאל,רפד,+972 52-293-7571,כפר יונה,5.0
כיסוי הגה בתפירה -Wheely covers,רפד,+972 52-387-7624,חדרה,5.0
עמית ניקוי ריפודים,רפד,+972 53-220-1623,אור עקיבא,5.0
שיק דיזיין תעשיות,רפד,+972 4-626-6016,אור עקיבא,5.0
"מרפדייה, ריפוד כל סוגי הרהיטים",רפד,+972 58-505-5136,פרדס חנה,4.9
אודיוה ארט | Odiva Art - מעצבים לכם את הרכב,רפד,+972 54-911-9223,נתניה,4.8
רפי מנעולים כלבו לבית,רפד,+972 9-885-5630,תל מונד,4.8
מרפדית ציון ריפוד ואביזרי רכב,רפד,+972 52-852-5554,נתניה,4.7
"מרפדיית""OMB""",רפד,+972 50-810-7784,נתניה,4.7
ארט דיפו חנות המחסן ART DEPOT,רפד,+972 4-997-8916,חדרה,4.6
דורותיאה רהיטי וינטג׳ בפרדס חנה כרכור,רפד,+972 50-739-0983,פרדס חנה,4.6
ZAGA פינות אוכל - נתניה,רפד,+972 9-885-3967,נתניה,4.5
מומלץ קוסמטיקאר - ציפוי גרפן לרכב/ ציפוי ננו לרכב/ פוליש ווקס לרכב/ דיטיילינג לרכב / ריפודים לרכב,רפד,+972 50-909-5199,נתניה,4.5
פוגל - אופנה ואביזרים לרכב,רפד,+972 55-663-0856,חדרה,4.5
וושוושי washwashi פרדס חנה,רפד,+972 4-667-0235,פרדס חנה,4.5
אקספו אסף רהיטים נתניה,רפד,+972 9-880-5757,נתניה,4.3
פופים אופיר,רפד,+972 53-775-1929,פרדס חנה,4.3
קניון כפר יונה,רפד,+972 9-788-6733,כפר יונה,4.1
"זכוכית לינוי בע""מ - פרינטה",זגג,+972 50-530-9530,נתניה,5.0
כל בו זכוכית נתניה,זגג,+972 9-835-7711,נתניה,5.0
זגגות רכב יניב,זגג,+972 50-524-2476,נתניה,5.0
סאן פילם דיזיין - חלונות כהים לרכב,זגג,+972 52-523-4561,נתניה,5.0
מסגור תמונות ומראות - עזרתי שמשון,זגג,+972 4-627-5255,פרדס חנה,5.0
"שמעון עזרתי-תעשיות אלומיניום בע""מ",זגג,+972 4-637-1846,פרדס חנה,5.0
עבודות מסגרות - סייג כיפופים,זגג,+972 4-636-3830,אור עקיבא,5.0
יין בעיר אור עקיבא,זגג,+972 50-560-0595,אור עקיבא,5.0
Caesarea Glass זכוכית קיסריה,זגג,+972 52-501-5700,קיסריה,5.0
סילביה צימרמן,זגג,+972 4-610-0208,קיסריה,5.0
זגגות - זכוכית ספיר,זגג,+972 9-882-4353,נתניה,4.9
א.ר גלאס - ייצור והתקנת עבודות זכוכית מקלחונים בהתאמה אישית,זגג,+972 50-577-7874,נתניה,4.9
זגגות יוסף לוי,זגג,+972 9-834-3061,נתניה,4.9
באבא אבן - משתלת א. את שמעון,זגג,+972 52-604-6044,אבן יהודה,4.9
תראה לי דלת,זגג,+972 77-803-8239,חדרה,4.9
גרין מקלחונים - מקלחונים איכותיים במחירים מעולים,זגג,+972 50-343-4827,חדרה,4.9
דוגית אור עקיבא,זגג,+972 3-604-5034,אור עקיבא,4.9
Speculo Glassblowing Studio In Caesarea ספקולו סטודיו לניפוח זכוכית בקיסריה,זגג,+972 55-992-4478,קיסריה,4.9
רובי גלאס,זגג,+972 9-833-1617,נתניה,4.8
זגגות רכב גולן,זגג,+972 50-954-3111,נתניה,4.8
אלמוג שירותי הנדימן,הנדימן,+972 53-303-3302,אור עקיבא,5.0
ניצן לב - הנדימן,הנדימן,+972 55-683-5611,פרדס חנה,4.0
הנדימן נתניה,הנדימן,+972 54-977-9660,נתניה,
הנדימן זמין,הנדימן,+972 54-791-0420,נתניה,
"הנדימן עמוס חן - מופיע באתר ""מידרג""",הנדימן,+972 52-678-2528,בית חרות,
עקביא הנדימן,הנדימן,+972 50-665-5580,פרדס חנה,
אברהם שיפוצים - הנדימן,הנדימן,+972 50-229-9417,אור עקיבא,
ליאור הנדימן,הנדימן,+972 52-636-2359,אור עקיבא,
טכנאי גז מוסמך בנתניה - גז פרו,טכנאי גז,+972 53-462-4908,נתניה,5.0
טכנאי גז יגיל נעם,טכנאי גז,+972 50-857-7735,נתניה,5.0
א.רביבו טכנאי גז,טכנאי גז,+972 54-428-1365,כפר יונה,5.0
רפי טכנאי גז,טכנאי גז,+972 54-745-1308,אור עקיבא,5.0
הכל בכל לגז,טכנאי גז,+972 54-435-4894,חדרה,5.0
תומר בסון טכנאי מסוג אחר,טכנאי גז,+972 54-471-8522,חדרה,5.0
טכנאי מקררים בחדרה משה תיקון מקררים,טכנאי גז,+972 50-808-7234,חדרה,5.0
טכנאי גז בנתניה דודו,טכנאי גז,+972 9-372-2230,נתניה,4.9
גז - כהן טכנאי גז מוסמך,טכנאי גז,+972 54-253-6125,כפר יונה,4.9
צי שירותים,טכנאי גז,+972 4-633-5728,חדרה,4.6
תן גז,טכנאי גז,+972 1-700-555-416,חדרה,3.6
גבריאל קורייש,טכנאי גז,+972 54-460-1814,חדרה,3.0
"לוריגז בע""מ",טכנאי גז,+972 50-557-8320,חדרה,2.0
דור גז,טכנאי גז,+972 4-632-4745,חדרה,1.6
קאר גז,טכנאי גז,+972 72-325-8294,פרדס חנה,1.0
מר גז טכנאי ואספקת גז בשרון,טכנאי גז,+972 50-409-3339,אבן יהודה,
אופיר גז,טכנאי גז,+972 4-627-0223,פרדס חנה,
הדברה בחדרה | וייס הדברה | מדביר מומלץ בחדרה,מדביר,+972 52-647-1754,חדרה,5.0
מדביר בנתניה אבגי,מדביר,+972 54-774-4267,נתניה,5.0
הדברה בנתניה,מדביר,+972 50-808-7618,נתניה,5.0
ליבוביץ הדברה,מדביר,+972 50-311-1997,נתניה,5.0
שירותי הדברה והרחקת יונים - מנחם הדברות,מדביר,+972 54-210-5407,נתניה,5.0
טרמינקסט הדברות ולכידת נחשים,מדביר,+972 52-882-8816,כפר יונה,5.0
גל הדברות - ניטור והדברת מזיקים,מדביר,+972 52-359-1748,קדימה,5.0
תמיר שירותי הדברה,מדביר,+972 50-656-8056,נתניה,5.0
מדביר בכפר יונה 24 שעות,מדביר,+972 53-352-5207,כפר יונה,5.0
דותן המדביר,מדביר,+972 50-399-6148,אור עקיבא,5.0
כהן שלום מדביר מצויין,מדביר,+972 9-796-7853,תל מונד,5.0
אייל הדברה נכונה - הדברה בחדרה - מדביר בחדרה,מדביר,+972 50-790-6269,חדרה,5.0
א.ש הדברות ולכידת נחשים,מדביר,+972 52-704-1440,חדרה,5.0
חזי הרחקת יונים,מדביר,+972 50-866-9906,חדרה,5.0
אדיר הדברות,מדביר,+972 55-305-8446,חדרה,5.0
יעקב הדברה בטוחה,מדביר,+972 52-367-8825,פרדס חנה,5.0
אדיר המדביר - הדברה בחדרה,מדביר,+972 54-494-3899,חדרה,4.6
"סעדון יבוא שיווק והדברה בע""מ",מדביר,+972 9-887-3565,נתניה,4.5
שבח הדברות | הדברה בחדרה | מדביר בחדרה,מדביר,+972 50-729-5702,חדרה,4.5
"דויטש ובניו הדברה בע""מ",מדביר,+972 73-757-5947,קדימה,4.3
"זכוכית לינוי בע""מ - פרינטה",טכנאי תריסים,+972 50-530-9530,נתניה,5.0
על המילימטר - עבודות עץ ואלומיניום,טכנאי תריסים,+972 50-978-3712,תל מונד,5.0
דרור תיקוני תריסים וחלונות. בקר איכות נסיון של 22 שנה,טכנאי תריסים,+972 52-707-5813,בת חפר,5.0
וילונות דקו-אריג | וילונות לסלון | לבית | פתרונות הצללה,טכנאי תריסים,+972 50-727-3252,כפר יונה,5.0
איציק סימיאן שירותיקון,טכנאי תריסים,+972 54-623-1704,חדרה,5.0
"המרכיבים חדרה (1989) בע""מ",טכנאי תריסים,+972 4-633-2763,חדרה,5.0
אלירן אלומיניום,טכנאי תריסים,+972 50-784-3535,פרדס חנה,5.0
דן איש חלונות |תיקון תריסים |חלון שבור בבית?צריך תיקון תריסים?שירות עד הבית תל אביב – נתניה – רעננה – הרצליה – עמק חפר -השרון,טכנאי תריסים,+972 52-804-8008,נתניה,4.9
תראה לי דלת,טכנאי תריסים,+972 77-803-8239,חדרה,4.9
טכנאי טלוויזיה,טכנאי תריסים,+972 50-581-1206,פרדס חנה,4.9
"מאסטרו אלומיניום בע""מ",טכנאי תריסים,+972 4-622-1773,חדרה,4.8
אלומיניום סבג בחדרה,טכנאי תריסים,+972 52-611-9808,חדרה,4.7
כפיר עבודות אלומיניום,טכנאי תריסים,+972 52-575-7703,נתניה,4.6
"Hunter Douglas Israel LTD - האנטר דאגלס ישראל בע""מ",טכנאי תריסים,+972 4-640-8200,כפר יונה,4.6
"פתח, חלון ודלת בע""מ",טכנאי תריסים,+972 9-887-3311,נתניה,4.5
קליל- אולם תצוגה נתניה,טכנאי תריסים,+972 4-990-0222,נתניה,4.1
"תריסי גלילה - א.נ חדד בע""מ",טכנאי תריסים,+972 50-488-0504,נתניה,4.0
צוריאל מתכות ואביזרים,טכנאי תריסים,+972 1-700-552-155,חדרה,3.9
גבאי אלומיניום,טכנאי תריסים,+972 50-760-0315,קדימה,3.8
תדמית אלומיניום שותפות מוגבלת,טכנאי תריסים,+972 50-651-7002,אור עקיבא,
איטום גגות בנתניה מאור איטום,קבלן איטום,+972 72-338-6989,נתניה,5.0
איתור נזילות בנתניה גילוי נזילות בנתניה,קבלן איטום,+972 50-800-4159,נתניה,5.0
השתלת בנתניה,קבלן איטום,+972 55-211-0406,נתניה,5.0
יצחק קרדי מפקח עבודות בניה,קבלן איטום,+972 53-776-8104,אבן יהודה,5.0
איטומי שרון,קבלן איטום,+972 50-694-7306,נתניה,5.0
"מטרופוליס - איטום ושיקום מבנים בע""מ",קבלן איטום,+972 76-802-0440,נתניה,5.0
קבלן עבודות איטום - חיים מכלוף,קבלן איטום,+972 52-486-2425,נתניה,5.0
קבלן רובה אפוקסי אקרילית |עבודות רובה| חידוש רובה | רובה למרפסות | רובה לבריכות | קבלן רובה,קבלן איטום,+972 50-735-3088,אור עקיבא,5.0
רפאל חי טכנולוגיות בע״מ,קבלן איטום,+972 55-991-1777,חדרה,5.0
"יריב אטיאס - בנייה, גמר ושיפוצים",קבלן איטום,+972 54-316-8640,פרדס חנה,5.0
Big house- בונים יוקרה,קבלן איטום,+972 52-534-7200,פרדס חנה,5.0
"שחר שיפוצים בע""מ",קבלן איטום,+972 52-289-9938,פרדס חנה,5.0
אלי יפת - שיפוצים מעצבי חיים,קבלן איטום,+972 54-805-4262,פרדס חנה,5.0
בן שטרית פרויקטים,קבלן איטום,+972 52-888-8003,אור עקיבא,5.0
"וירט (ישראל) בע""מ - Wurth Israel",קבלן איטום,+972 4-632-8800,קיסריה,5.0
"כרמית - מוצרים לשיפור הבניה (1982) בע""מ",קבלן איטום,+972 4-617-8906,קיסריה,5.0
"אוראנטק גטאור בע""מ",קבלן איטום,+972 77-996-5544,קיסריה,4.9
האחים תמם,קבלן איטום,+972 52-690-6677,נתניה,4.7
"י.א. ליאל חומרי בניין בע""מ",קבלן איטום,+972 9-899-9305,קדימה,4.7
קבוצת פרישמן,קבלן איטום,+972 4-622-1166,עמק חפר,4.6
א.א. קרמיקה,רצף,+972 9-884-4762,נתניה,5.0
"אולמדע 770 בע""מ",רצף,+972 9-885-2250,אבן יהודה,5.0
חבוש דיזיין,רצף,+972 9-741-4500,קדימה,5.0
סטודיו שלי קרמיקה תל מונד,רצף,+972 54-496-5802,תל מונד,5.0
מלי בן פורת אריחים מצוירים,רצף,+972 52-655-0484,תל מונד,5.0
הדר מלאך - סטודיו לקרמיקה,רצף,+972 54-521-1415,כפר יונה,5.0
Unique Parquet Flooring,רצף,+972 53-303-0424,כפר יונה,5.0
ליאור ביטון שיפוצים בנייה וגמר,רצף,+972 52-245-3320,חדרה,5.0
א.ל שיקום ושיפוץ מבנים בע''מ,רצף,+972 53-580-5893,חדרה,5.0
יריב - ריצוף,רצף,+972 50-534-3735,פרדס חנה,5.0
"יריב אטיאס - בנייה, גמר ושיפוצים",רצף,+972 54-316-8640,פרדס חנה,5.0
לירה סטודיו,רצף,+972 52-240-1777,פרדס חנה,5.0
אלי יפת - שיפוצים מעצבי חיים,רצף,+972 54-805-4262,פרדס חנה,5.0
Fine Finish - פיין פיניש פרקטים וחיפויים,רצף,+972 50-993-4993,אור עקיבא,5.0
קבלן רובה אפוקסי אקרילית |עבודות רובה| חידוש רובה | רובה למרפסות | רובה לבריכות | קבלן רובה,רצף,+972 50-735-3088,אור עקיבא,5.0
בן שטרית פרויקטים,רצף,+972 52-888-8003,אור עקיבא,5.0
סנה פורצלן איטלקי,רצף,+972 50-458-8845,נתניה,4.9
רידו,רצף,+972 9-965-1777,נתניה,4.9
באבא אבן - משתלת א. את שמעון,רצף,+972 52-604-6044,אבן יהודה,4.9
"אוראנטק גטאור בע""מ",רצף,+972 77-996-5544,קיסריה,4.9
Sher - שר טכנולוגיות לבניה ותעשייה,טייח / קבלן גבס,+972 73-802-0096,נתניה,5.0
הצובעים - צביעת דירות \ משרדים \ חידוש דקים,טייח / קבלן גבס,+972 52-301-0805,חדרה,5.0
"וירט (ישראל) בע""מ - Wurth Israel",טייח / קבלן גבס,+972 4-632-8800,קיסריה,5.0
א.א רום המרכז לחומרי בניין ואספקה טכנית,טייח / קבלן גבס,+972 4-954-8811,חדרה,4.8
"גבס השרון בע""מ",טייח / קבלן גבס,+972 4-634-6237,חדרה,4.8
תפארת - מרכז הפרקטים והדקורציה,טייח / קבלן גבס,+972 4-632-5612,חדרה,4.8
"לייזר מכוני העתקות בע""מ - המרכז לשירותי דפוס ומיתוג - סניף קדימה",טייח / קבלן גבס,+972 9-773-0929,קדימה,4.7
"נדיר תעשיות צבע בע""מ",טייח / קבלן גבס,+972 4-627-1003,פרדס חנה,4.7
"הלביץ ברוך בע""מ",טייח / קבלן גבס,+972 4-632-2267,חדרה,4.6
"מ.נ מערכות לתחבורה ולתעשיה בע""מ",טייח / קבלן גבס,+972 4-622-0111,עמק חפר,4.6
חן ניסים המרכז לבית ולקבלן,טייח / קבלן גבס,+972 4-622-8088,חדרה,4.6
נחמיאס חומרי בניין,טייח / קבלן גבס,+972 4-637-6997,פרדס חנה,4.6
ב.נ. שיווק חומרי בניין,טייח / קבלן גבס,+972 50-781-6785,פרדס חנה,4.6
חן קרמיקה,טייח / קבלן גבס,+972 4-633-3667,חדרה,4.5
וושוושי washwashi פרדס חנה,טייח / קבלן גבס,+972 4-667-0235,פרדס חנה,4.5
ע.מ שיווק והפצה,טייח / קבלן גבס,+972 4-627-0194,פרדס חנה,4.5
טל הספקה טכנית,טייח / קבלן גבס,+972 4-627-3631,פרדס חנה,4.5
"חומרי בנין דוד מלכה ובניו בע""מ",טייח / קבלן גבס,+972 4-626-2449,אור עקיבא,4.5
"אברהם קראדי ובניו בע""מ- המרכז לעיצוב הבית",טייח / קבלן גבס,+972 4-692-4090,אור עקיבא,4.4
"מעיין הגבס והדלתות בע""מ",טייח / קבלן גבס,+972 9-861-1011,נתניה,4.2
"מסגרית האחים אבו בע""מ",מסגר,+972 9-899-9973,אבן יהודה,5.0
טייר מאסטר - פנצ'רייה ומרכז שירות צמיגים לרכב בשרון,מסגר,+972 9-979-1300,קדימה,5.0
מסגריית הכוכב,מסגר,+972 50-640-6039,כפר יונה,5.0
מסגרית עמבר,מסגר,+972 9-884-4822,נתניה,5.0
א.לוי מסגרות,מסגר,+972 50-400-0401,חדרה,5.0
Extreme Art - נגרות אומן,מסגר,+972 54-267-0004,עמק חפר,5.0
מסגריה שלמה בוטביקה,מסגר,+972 9-891-9468,נתניה,5.0
גלריה טופולסקי,מסגר,+972 54-455-3063,נתניה,5.0
מסגור תמונות ומראות - עזרתי שמשון,מסגר,+972 4-627-5255,פרדס חנה,5.0
עבודות מסגרות - סייג כיפופים,מסגר,+972 4-636-3830,אור עקיבא,5.0
"מסגרית צמרת בע""מ",מסגר,+972 4-633-7913,חדרה,4.9
תראה לי דלת,מסגר,+972 77-803-8239,חדרה,4.9
תמונה אחרת - מסגור תמונות נתניה.,מסגר,+972 54-468-2503,נתניה,4.8
אבירם,מסגר,+972 50-592-9642,פרדס חנה,4.8
משה שרון צמיגים,מסגר,+972 9-796-9102,תל מונד,4.7
נחשון עיצוב מסגרות לתמונות,מסגר,+972 52-846-4078,קדימה,4.6
מסגריית צחי,מסגר,+972 9-898-6742,כפר יונה,4.5
אומן המתכת,מסגר,+972 4-637-0164,פרדס חנה,4.5
זסט פקטורי חנות מפעל,מסגר,+972 77-404-4314,קדימה,4.0
צוריאל מתכות ואביזרים,מסגר,+972 1-700-552-155,חדרה,3.9
"כל-בו מים בע""מ",טכנאי דודי שמש,+972 52-244-4314,אבן יהודה,5.0
איתור נזילות מים בהובלת אושר לוי,טכנאי דודי שמש,+972 77-804-4839,נתניה,5.0
אינסטלטור מומלץ בחדרה - אלירן תיקון דודי שמש,טכנאי דודי שמש,+972 52-840-7197,חדרה,5.0
דודי שמש צבאן,טכנאי דודי שמש,+972 50-528-4047,חדרה,5.0
א.מקור האנרגיה,טכנאי דודי שמש,+972 50-783-7762,חדרה,5.0
רפי ראובן - דודי שמש,טכנאי דודי שמש,+972 50-824-5464,חדרה,5.0
איציק דודי שמש,טכנאי דודי שמש,+972 50-538-0570,אור עקיבא,4.8
חן האינסטלטור,טכנאי דודי שמש,+972 52-351-3714,נתניה,4.7
אינסטלטור בנתניה - עמרם שירותי אינסטלציה,טכנאי דודי שמש,+972 73-775-4446,נתניה,4.3
דודי פאר - דודי שמש פאר נתניה,טכנאי דודי שמש,+972 50-541-4999,נתניה,3.9
התותח דודי שמש,טכנאי דודי שמש,+972 1-700-700-537,נתניה,3.7
יצחק בן חמו דודי שמש ואינסטלציה,טכנאי דודי שמש,+972 52-956-9690,אור עקיבא,1.0
שיפוצניקים בנתניה ש.ח קבלן שיפוצים,שיפוצניק,+972 50-830-8651,נתניה,5.0
האחים כהן שיפוצים - מנחם כהן קבלן רשום במרכז ובשרון,שיפוצניק,+972 53-724-7397,נתניה,5.0
קבלן שיפוצים בנתניה | שיפוץ בראש שקט | כל עבודות השיפוצים,שיפוצניק,+972 52-292-2229,נתניה,5.0
ישראל שיפוצי השלום,שיפוצניק,+972 53-788-8897,נתניה,5.0
אבי עיצוב ובנייה | שיפוצים כלליים | הנדימן,שיפוצניק,+972 52-472-1022,נתניה,5.0
בוארון ציון שיפוצים,שיפוצניק,+972 53-341-0954,נתניה,5.0
FIXIT • HANDYMAN & PROPERTY MANAGEMENT | שיפוצניק • שיפוצים • תיקונים • אחזקה • הנדימן,שיפוצניק,+972 52-449-0086,נתניה,5.0
קבלן שיפוצים והרחבת מבנים - מאיר חג'אג',שיפוצניק,+972 50-473-3626,נתניה,5.0
סעדה משה,שיפוצניק,+972 52-334-5823,נתניה,5.0
כפיר 'בוב הבנאי' - הנדימן לכל עבודה | חשמלאי מוסמך | אינסטלטור | שיפוצניק,שיפוצניק,+972 52-554-2435,נתניה,5.0
שיפוצים מבית טוב,שיפוצניק,+972 54-678-6584,קדימה,5.0
עץ השדה שיפוצים ופרויקטים,שיפוצניק,+972 52-630-5024,קדימה,5.0
"י.ר אשכנזי בע""מ",שיפוצניק,+972 50-836-3760,כפר יונה,5.0
ליאור ביטון שיפוצים בנייה וגמר,שיפוצניק,+972 52-245-3320,חדרה,5.0
"עומר שיפוצים,תחזוקה ועיצוב הבית",שיפוצניק,+972 50-982-3513,חדרה,5.0
אלי יפת - שיפוצים מעצבי חיים,שיפוצניק,+972 54-805-4262,פרדס חנה,5.0
בן שטרית פרויקטים,שיפוצניק,+972 52-888-8003,אור עקיבא,5.0
א.ל שיקום ושיפוץ מבנים בע''מ,שיפוצניק,+972 53-580-5893,חדרה,5.0
בניה קלה,שיפוצניק,+972 54-250-2221,חדרה,5.0
שי כהני חשמלאי חדרה,שיפוצניק,+972 52-567-7754,חדרה,5.0
דלתות פולידור נתניה - בוטיק לפרקטים ודלתות מעוצבות,מתקין דלתות,+972 55-454-3764,נתניה,5.0
דלתות גאש,מתקין דלתות,+972 9-835-5877,נתניה,5.0
אבי דלתות ומנעולים קריית השרון,מתקין דלתות,+972 52-567-8087,נתניה,5.0
"זכוכית לינוי בע""מ - פרינטה",מתקין דלתות,+972 50-530-9530,נתניה,5.0
יוסי מנעולן באבן יהודה פורץ דלתות רכבים וכספות,מתקין דלתות,+972 50-444-3900,אבן יהודה,5.0
מנעולן דלתות בחדרה/מתקין דלתות.,מתקין דלתות,+972 53-333-1858,חדרה,5.0
קבוצת אדרת מיגון לישראל,מתקין דלתות,+972 50-565-5805,פרדס חנה,5.0
המושיע- מנעולן מוסמך בחדרה והסביבה,מתקין דלתות,+972 50-798-7044,חדרה,5.0
דלתות הזוהר,מתקין דלתות,+972 4-955-5615,אור עקיבא,5.0
תראה לי דלת,מתקין דלתות,+972 77-803-8239,חדרה,4.9
מפתח לכל-קובי זלוטניק,מתקין דלתות,+972 4-632-2251,חדרה,4.9
דלתות מזור,מתקין דלתות,+972 9-862-6263,נתניה,4.8
סופרדור - דלתות יוקרה,מתקין דלתות,+972 4-908-8777,חדרה,4.8
"מאסטרו אלומיניום בע""מ",מתקין דלתות,+972 4-622-1773,חדרה,4.8
אלומיניום סבג בחדרה,מתקין דלתות,+972 52-611-9808,חדרה,4.7
דלתות רב בריח - סניף נתניה,מתקין דלתות,+972 9-955-9773,נתניה,4.6
דלתות אלון,מתקין דלתות,+972 9-766-6960,נתניה,4.6
"דלתות רון בע""מ",מתקין דלתות,+972 9-885-5209,נתניה,4.6
קוויקי שירותי מנעולנות,מתקין דלתות,+972 52-873-8989,פרדס חנה,4.6
"פתח, חלון ודלת בע""מ",מתקין דלתות,+972 9-887-3311,נתניה,4.5
התקנת מצלמות אבטחה בנתניה | רם מערכות אבטחה ומיגון,מתקין מצלמות,+972 52-637-9995,נתניה,5.0
התקנת מצלמת אבטחה סיגנל מצלמות אבטחה,מתקין מצלמות,+972 9-833-2498,נתניה,5.0
מערכות אבטחה ותקשורת S.I,מתקין מצלמות,+972 52-512-5630,נתניה,5.0
מצלמות ומערכות אבטחה אלסק,מתקין מצלמות,+972 55-970-5013,נתניה,5.0
ד.ש מערכות אבטחה מתקדמות,מתקין מצלמות,+972 50-684-6606,נתניה,5.0
א.ס מערכות תקשורת,מתקין מצלמות,+972 54-244-4144,חדרה,5.0
שילדפרו סיסטמס,מתקין מצלמות,+972 58-600-4009,חדרה,5.0
אייל מיגון ואבטחה,מתקין מצלמות,+972 53-297-1444,חדרה,5.0
בסט סאונד - אביזרי רכב בחדרה,מתקין מצלמות,+972 52-511-6363,חדרה,4.9
ארז רובין / אל פי אר,מתקין מצלמות,+972 73-731-6006,כפר יונה,4.8
ננוקס מחשבים ותקשורת נתניה(המלאכה 32),מתקין מצלמות,+972 72-277-7787,נתניה,4.7
רדיו סנטר חדרה,מתקין מצלמות,+972 4-621-2125,חדרה,4.7
נטו תקשורת ואבטחה,מתקין מצלמות,+972 52-644-1513,פרדס חנה,4.6
"קיוביט תקשורת בע""מ",מתקין מצלמות,+972 4-660-6816,חדרה,4.6
"הלביץ ברוך בע""מ",מתקין מצלמות,+972 4-632-2267,חדרה,4.6
מור מ. תקשורת בע''מ,מתקין מצלמות,+972 54-227-0124,פרדס חנה,4.6
סמיקום לקסיס - Semicom lexis main,מתקין מצלמות,+972 9-761-1222,אבן יהודה,4.4
מוקד אמנור,מתקין מצלמות,+972 4-624-4666,קיסריה,3.9
Eye-Link מצלמות אבטחה ותקשורת,מתקין מצלמות,+972 55-264-2642,אור עקיבא,
G.M.I SYSTEMS ltd,אינטרקום,+972 9-866-3667,נתניה,5.0
התקנת מצלמות אבטחה בנתניה | רם מערכות אבטחה ומיגון,אינטרקום,+972 52-637-9995,נתניה,5.0
סימפל קיי,אינטרקום,+972 58-540-0085,נתניה,5.0
"רוזין טכנולוגיה סחר ויבוא בע""מ",אינטרקום,+972 77-503-0532,נתניה,5.0
ATS / איי.טי.אס,אינטרקום,+972 9-957-4111,אבן יהודה,5.0
א.ס מערכות תקשורת,אינטרקום,+972 54-244-4144,חדרה,5.0
גנאדקום מערכות תקשורת,אינטרקום,+972 52-664-5470,חדרה,5.0
סמארט קומפורט,אינטרקום,+972 52-257-9999,אור עקיבא,5.0
פרו אוטו | מערכות ואביזרים לרכב | בהנהלת לידור,אינטרקום,+972 53-808-0451,נתניה,4.9
גיל פסקל המנעולן בשבילך,אינטרקום,+972 54-729-8453,נתניה,4.9
ארז רובין / אל פי אר,אינטרקום,+972 73-731-6006,כפר יונה,4.8
מור מ. תקשורת בע''מ,אינטרקום,+972 54-227-0124,פרדס חנה,4.6
חי מערכות לרכב,אינטרקום,+972 52-243-0290,כפר יונה,4.6
נטו תקשורת ואבטחה,אינטרקום,+972 52-644-1513,פרדס חנה,4.6
"קיוביט תקשורת בע""מ",אינטרקום,+972 4-660-6816,חדרה,4.6
סמיקום לקסיס - Semicom lexis main,אינטרקום,+972 9-761-1222,אבן יהודה,4.4
הניצוץ,אינטרקום,+972 9-862-5827,נתניה,3.7
אייס - סניף נתניה,אינטרקום,+972 9-885-1598,נתניה,3.6
"בן בטחון 1989 בע""מ",אינטרקום,+972 1-700-709-707,נתניה,3.1
"בר-גיל יאיר בע""מ",אינטרקום,+972 9-899-5587,אבן יהודה,
חשמלאי בנתניה דוד,דודי חשמל,+972 9-372-0209,נתניה,5.0
יחל חשמלאי,דודי חשמל,+972 52-707-5005,נתניה,5.0
אינסטלטור Plumber26,דודי חשמל,+972 54-579-7599,נתניה,5.0
ד.ש טכנולוגיות- מתמחים באיתורי נזילות ותיקונים ללא הרס,דודי חשמל,+972 54-303-7924,נתניה,5.0
ענק המצברים מצבר עד הבית נתניה,דודי חשמל,+972 72-395-2071,נתניה,5.0
נתנאל נחום - מיזוג וקירור אוויר,דודי חשמל,+972 53-825-3275,נתניה,5.0
אינסטלטור מומלץ בחדרה - אלירן תיקון דודי שמש,דודי חשמל,+972 52-840-7197,חדרה,5.0
חשמלאי מוסמך דוד מסיקה,דודי חשמל,+972 52-322-5549,נתניה,5.0
א.מקור האנרגיה,דודי חשמל,+972 50-783-7762,חדרה,5.0
שי כהני חשמלאי חדרה,דודי חשמל,+972 52-567-7754,חדרה,5.0
דודי שמש צבאן,דודי חשמל,+972 50-528-4047,חדרה,5.0
דוד קירור,דודי חשמל,+972 52-266-7396,אור עקיבא,5.0
חשמלאי מוסמך ערן חדרה,דודי חשמל,+972 54-335-5323,חדרה,5.0
זיידלר ובנו,דודי חשמל,+972 4-633-3468,חדרה,5.0
קסטרו ציון,דודי חשמל,+972 4-637-9462,פרדס חנה,5.0
שירי מאיר דוודים,דודי חשמל,+972 4-637-3784,פרדס חנה,5.0
טק-תרפי מחשבים,דודי חשמל,+972 54-536-8629,פרדס חנה,5.0
דוד אייזנקוט - חשמלאי מוסמך בירושלים,דודי חשמל,+972 50-857-0331,נתניה,4.9
ארז רובין / אל פי אר,דודי חשמל,+972 73-731-6006,כפר יונה,4.8
איציק דודי שמש,דודי חשמל,+972 50-538-0570,אור עקיבא,4.8
רותם אנרגיה | מערכות סולאריות,מערכות סולאריות,+972 50-718-5326,נתניה,5.0
"גרינטופס נטו בע""מ",מערכות סולאריות,+972 77-446-0280,נתניה,5.0
התקנת מערכת סולארית,מערכות סולאריות,+972 53-920-6662,חדרה,5.0
א.מקור האנרגיה,מערכות סולאריות,+972 50-783-7762,חדרה,5.0
"אורמש אחזקות בע""מ",מערכות סולאריות,+972 76-540-1300,קדימה,4.8
ארז רובין / אל פי אר,מערכות סולאריות,+972 73-731-6006,כפר יונה,4.8
דניאל מיזוג אוויר ניקוי ותיקון מזגנים,מערכות סולאריות,+972 58-403-0133,כפר יונה,4.8
"מ.נ מערכות לתחבורה ולתעשיה בע""מ",מערכות סולאריות,+972 4-622-0111,עמק חפר,4.6
"חשמל ישיר קיסריה בע""מ",מערכות סולאריות,+972 4-627-7666,קיסריה,4.5
סמיקום לקסיס - Semicom lexis main,מערכות סולאריות,+972 9-761-1222,אבן יהודה,4.4
קבוצת כהנא,מערכות סולאריות,+972 9-863-3000,אבן יהודה,4.3
מערכת סולארית | גג סולארי | סינרג'י - s'energy,מערכות סולאריות,+972 73-390-8090,נתניה,3.9
דודי פאר - דודי שמש פאר נתניה,מערכות סולאריות,+972 50-541-4999,נתניה,3.9
אמקור אידאל,מערכות סולאריות,+972 9-779-2233,נתניה,3.5
solario חשמל,מערכות סולאריות,+972 58-480-8558,אור עקיבא,
אופיר שמש לוכד נחשים,לוכד נחשים,+972 52-920-2446,נתניה,5.0
יניר זיו לוכד נחשים,לוכד נחשים,+972 52-307-7770,עולש,5.0
אילן הבר לוכד נחשים,לוכד נחשים,+972 54-494-1633,עין החורש,5.0
נחשים בעיר,לוכד נחשים,+972 53-378-2502,חדרה,5.0
מדביר בנתניה אבגי,לוכד עכברים,+972 54-774-4267,נתניה,5.0
טרמינקסט הדברות ולכידת נחשים,לוכד עכברים,+972 52-882-8816,כפר יונה,5.0
גל הדברות - ניטור והדברת מזיקים,לוכד עכברים,+972 52-359-1748,קדימה,5.0
הדברה בחדרה | וייס הדברה | מדביר מומלץ בחדרה,לוכד עכברים,+972 52-647-1754,חדרה,5.0
נחשים בעיר,לוכד עכברים,+972 53-378-2502,חדרה,5.0
אייל הדברה נכונה - הדברה בחדרה - מדביר בחדרה,לוכד עכברים,+972 50-790-6269,חדרה,5.0
דותן המדביר,לוכד עכברים,+972 50-399-6148,אור עקיבא,5.0
אקונה מטטה - חנות חיות בנתניה - ציוד ומזון לבעלי חיים -,לוכד עכברים,+972 77-207-3001,נתניה,4.9
חנות חיות - ג'רי החתול שמואל הנציב 30,לוכד עכברים,+972 9-768-8989,נתניה,4.6
אדיר המדביר - הדברה בחדרה,לוכד עכברים,+972 54-494-3899,חדרה,4.6
מלך האריות - חנות חיות בחדרה,לוכד עכברים,+972 4-611-9090,חדרה,4.5
שבח הדברות | הדברה בחדרה | מדביר בחדרה,לוכד עכברים,+972 50-729-5702,חדרה,4.5
הדברה בנתניה עדני,לוכד עכברים,+972 50-999-0418,נתניה,4.1
הדברת עכברים וחולדות,לוכד עכברים,+972 50-830-3462,כפר יונה,3.9
אבישי עיבוד וליטוש אבן ושיש,ליטוש אבן,+972 53-555-5511,נתניה,5.0
שם טוב דיטיילינג - חלונות כהים לרכב - פוליש לרכב - ציפוי ננו קרמי,ליטוש אבן,+972 58-723-2626,נתניה,5.0
יאיר בר ליטוש אבן ושיש,ליטוש אבן,+972 52-245-4065,חדרה,5.0
Jewelmarks איילת מלר,ליטוש אבן,+972 52-352-2697,תל מונד,5.0
חברת ניקיון בכפר יונה,ליטוש אבן,+972 77-729-8382,כפר יונה,5.0
שטיפת רכבים הייטק - YYH,ליטוש אבן,+972 52-818-1879,פרדס חנה,5.0
the wooden eye,ליטוש אבן,+972 53-830-6833,אור עקיבא,5.0
IL Detailing ציפוי ננו לרכב - סדנת דיטיילינג - חנות מוצרי טיפוח ומוצרי דיטיילינג לרכב,ליטוש אבן,+972 54-443-5333,אבן יהודה,4.9
מצבות לגזיאל תעשיות בע״מ,ליטוש אבן,+972 9-832-5050,נתניה,4.8
חומרי ניקוי מקצועיים SAG אס.איי.ג'י,ליטוש אבן,+972 50-978-0400,קיסריה,4.8
וושוושי washwashi פרדס חנה,ליטוש אבן,+972 4-667-0235,פרדס חנה,4.5
Zaxi - Car wash זקסי שטיפת רכב ברמה אחרת,ליטוש אבן,+972 9-866-8218,אבן יהודה,4.3
שטיפת גל,ליטוש אבן,+972 52-484-6742,קדימה,4.1
חבוש קדימה,ליטוש אבן,+972 1599-550001,קדימה,4.0
ליטוש המאה - המומחים לליטוש שיש ואבן,ליטוש אבן,+972 54-521-6507,נתניה,3.7
שטיפת רכבים הנצח תל-מונד,ליטוש אבן,+972 9-885-6737,תל מונד,3.3
פוליש אלוני: פוליש לרצפה ליטוש מרצפות ליטוש שיש ברמה גבוהה,ליטוש אבן,+972 1-800-800-302,חדרה,
חברת ניקיון באור עקיבא,ליטוש אבן,+972 77-231-8055,אור עקיבא,
"שיש טל - תורג'מן בע""מ",ליטוש אבן,+972 4-626-0608,אור עקיבא,
פרימיום בייקס premiumbikes,מחסום חשמלי,+972 52-508-6260,כפר יונה,4.9
אבי שערים,מחסום חשמלי,+972 50-672-3200,חדרה,4.9
ראש הייטק - אוטומציה לשערים חשמליים,מחסום חשמלי,+972 9-833-1147,נתניה,4.0
פרץ שערים אוטומטיים חשמליים,מחסום חשמלי,+972 4-634-2596,חדרה,2.5
נגרייתE.R,התקנת מטבחים,+972 50-472-0072,נתניה,5.0
נויה - מטבחים ונגרות בהתאמה אישית,התקנת מטבחים,+972 50-280-8180,נתניה,5.0
מטבחי שלישמן - מטבחים בנתניה מטבחים כפריים ומודרניים אולם תצוגה קולקציה 2025,התקנת מטבחים,+972 52-251-3136,נתניה,5.0
גסטון - מטבחים,התקנת מטבחים,+972 52-294-6189,נתניה,5.0
חיים אלון-מנהל ומבצע פרוייקטים בנגרות,התקנת מטבחים,+972 50-459-0900,נתניה,5.0
אלפא נגרות אדריכלית,התקנת מטבחים,+972 50-690-4958,נתניה,5.0
אדי חן 360°,התקנת מטבחים,+972 9-796-4522,נתניה,5.0
אסף נגריית,התקנת מטבחים,+972 52-660-7608,נתניה,5.0
נגריית ארז אילוז,התקנת מטבחים,+972 9-862-2463,נתניה,5.0
עדיאל עיצובים,התקנת מטבחים,+972 54-482-8824,נתניה,5.0
נגריית גריף,התקנת מטבחים,+972 53-430-3445,כרכור,5.0
Extreme Art - נגרות אומן,התקנת מטבחים,+972 54-267-0004,עמק חפר,5.0
מטבחי שלישמן - מטבחים בחדרה - אולם תצוגה עיצוב מטבחים בחדרה - מטבחים כפריים ומודרנים אולם תצוגה פארק תעשיות עמק חפר,התקנת מטבחים,+972 4-622-1137,חדרה,5.0
נגרות מסורתית - Studio ADAMA | קורס נגרות,התקנת מטבחים,+972 54-575-6108,משמר השרון,5.0
נגריית רובין ווד,התקנת מטבחים,+972 50-742-4727,עמק חפר,5.0
נגריית בלאל עתאמנה חדרה,התקנת מטבחים,+972 50-545-8280,חדרה,5.0
ולרי מטבחים,התקנת מטבחים,+972 50-670-7263,חדרה,5.0
נגרית רפי,התקנת מטבחים,+972 52-627-8840,אור עקיבא,5.0
נגרית כהן שמעון,התקנת מטבחים,+972 4-634-4613,חדרה,5.0
המבצע,התקנת מטבחים,+972 54-423-6688,חדרה,5.0
"שרון הרצברג ייעוץ וליווי משכנתאות ונדל""ן בנקאות ופיננסים",יועץ משכנתאות,+972 54-668-7817,נתניה,5.0
עידית שטיין - יועצת משכנתאות ומתכננת פיננסית,יועץ משכנתאות,+972 54-776-3755,נתניה,5.0
יניב יעקב- מומחה לייעוץ וליווי משכנתאות ולניהול כלכלת המשפחה,יועץ משכנתאות,+972 50-783-6020,נתניה,5.0
קובי בוארון יועץ משכנתאות,יועץ משכנתאות,+972 50-265-0521,נתניה,5.0
פאינה ייעוץ משכנתאות וכלכלת המשפחה,יועץ משכנתאות,+972 52-330-3933,נתניה,5.0
ליאון פרחי - ייעוץ משכנתאות וכלכלת המשפחה,יועץ משכנתאות,+972 50-487-0525,נתניה,5.0
ניר עילם משכנתאות ופיננסים,יועץ משכנתאות,+972 54-476-9639,נתניה,5.0
איחוד הלוואות | איחוד הלוואות כנגד נכס | איחוד הלוואות ללא נכס,יועץ משכנתאות,+972 73-802-5157,נתניה,5.0
ייעוץ עסקי אמיתי נתניה,יועץ משכנתאות,+972 52-577-6586,נתניה,5.0
דן שובל ייעוץ משכנתאות,יועץ משכנתאות,+972 72-338-0827,נתניה,5.0
"אנגלמן משכנתאות ומימון בע""מ",יועץ משכנתאות,+972 9-890-0966,אבן יהודה,5.0
ניצן דגן ייעוץ משכנתאות ופיננסים,יועץ משכנתאות,+972 52-662-3032,תל מונד,5.0
"זיו כץ - יועץ משכנתאות נדל""ן ופיננסים",יועץ משכנתאות,+972 52-243-7512,כפר יונה,5.0
כרמית דוד יצחקי יועצת משכנתאות,יועץ משכנתאות,+972 50-629-1805,תל מונד,5.0
עוזיאל מיארא יועץ משכנתאות,יועץ משכנתאות,+972 50-697-1191,כפר יונה,5.0
HOMIE,יועץ משכנתאות,+972 52-350-3532,חדרה,5.0
רן מור ייעוץ משכנתאות,יועץ משכנתאות,+972 52-603-3386,חדרה,5.0
בר אורס פיננסים - ייעוץ משכנתאות,יועץ משכנתאות,+972 52-262-0216,אור עקיבא,5.0
מ.א משכנתאות - יועץ משכנתאות בכיר,יועץ משכנתאות,+972 52-285-8717,אור עקיבא,5.0
יועץ משכנתאות בחדרה - אריאל עובדיה,יועץ משכנתאות,+972 52-809-3385,חדרה,5.0
ישראל אלומיניום,עבודות אלומיניום,+972 50-734-0206,נתניה,5.0
"זכוכית לינוי בע""מ - פרינטה",עבודות אלומיניום,+972 50-530-9530,נתניה,5.0
"אלמליח אריאלי יוזמה 1992 בע""מ",עבודות אלומיניום,+972 9-861-6373,נתניה,5.0
תובל-מינימל,עבודות אלומיניום,+972 9-898-7492,אבן יהודה,5.0
יצחק קרדי מפקח עבודות בניה,עבודות אלומיניום,+972 53-776-8104,אבן יהודה,5.0
"מקצועני אלומיניום - M - בע""מ - Aluminum pro - עבודות אלומיניום.",עבודות אלומיניום,+972 72-393-2089,נתניה,5.0
ויטבסקי - פרגולות אלומיניום ופתרונות הצללה בהתאמה אישית,עבודות אלומיניום,+972 53-774-0201,נתניה,5.0
חזק אלום-גלאס,עבודות אלומיניום,+972 50-358-0085,נתניה,5.0
על המילימטר - עבודות עץ ואלומיניום,עבודות אלומיניום,+972 50-978-3712,תל מונד,5.0
"שפר תעשיות אלומיניום (1997) בע""מ",עבודות אלומיניום,+972 4-664-4000,עמק חפר,5.0
אלירן אלומיניום,עבודות אלומיניום,+972 50-784-3535,פרדס חנה,5.0
א.לוי מסגרות,עבודות אלומיניום,+972 50-400-0401,חדרה,5.0
"המרכיבים חדרה (1989) בע""מ",עבודות אלומיניום,+972 4-633-2763,חדרה,5.0
"שמעון עזרתי-תעשיות אלומיניום בע""מ",עבודות אלומיניום,+972 4-637-1846,פרדס חנה,5.0
אמירים תעשיות אלומיניום,עבודות אלומיניום,+972 50-784-2969,פרדס חנה,5.0
מסגור תמונות ומראות - עזרתי שמשון,עבודות אלומיניום,+972 4-627-5255,פרדס חנה,5.0
אמירים תעשיות אלומיניום,עבודות אלומיניום,+972 4-627-7720,פרדס חנה,5.0
סגירת מרפסות- rs group,עבודות אלומיניום,+972 76-599-6015,נתניה,4.9
תראה לי דלת,עבודות אלומיניום,+972 77-803-8239,חדרה,4.9
"מאסטרו אלומיניום בע""מ",עבודות אלומיניום,+972 4-622-1773,חדרה,4.8
ויטבסקי - פרגולות אלומיניום ופתרונות הצללה בהתאמה אישית,פרגולות עץ,+972 53-774-0201,נתניה,5.0
טיק טק מבנים,פרגולות עץ,+972 50-272-4770,נתניה,5.0
המרכז לפרגולות אלומיניום,פרגולות עץ,+972 53-536-4655,חדרה,5.0
מחסן עצים,פרגולות עץ,+972 72-392-2249,נתניה,5.0
אבי אלוש עבודות עץ,פרגולות עץ,+972 52-353-4336,אבן יהודה,5.0
צל העץ פרגולות גגות ודקים,פרגולות עץ,+972 54-553-2939,קדימה,5.0
על המילימטר - עבודות עץ ואלומיניום,פרגולות עץ,+972 50-978-3712,תל מונד,5.0
"ספיר הצללה - פרגולות אלומיניום, גדרות ושערים, סגירת מרפסות",פרגולות עץ,+972 1-700-500-978,אור עקיבא,5.0
פרגולות חדרה,פרגולות עץ,+972 52-635-7778,חדרה,5.0
"אהרון חכמון יבוא ושיווק עץ וחומרי בנין בע""מ",פרגולות עץ,+972 72-392-5443,נתניה,4.9
"עצים בע""מ",פרגולות עץ,+972 9-772-1660,קדימה,4.9
באבא אבן - משתלת א. את שמעון,פרגולות עץ,+972 52-604-6044,אבן יהודה,4.9
יובל סגל - בנייה בעץ‎,פרגולות עץ,+972 50-441-3599,פרדס חנה,4.9
"חברת ""הגג היפה"" פרגולות, גדרות שערים, סוככים מסכי וילונות גלילה",פרגולות עץ,+972 77-231-0353,אור עקיבא,4.8
מרכז הבמבוק Bamboo-Center,פרגולות עץ,+972 54-543-6609,פרדס חנה,4.7
דקו צל decotzel,פרגולות עץ,+972 9-958-1819,אבן יהודה,4.6
"אקוקה מיכאל מחסן עצים בע""מ",פרגולות עץ,+972 4-637-1383,פרדס חנה,4.6
"הלביץ ברוך בע""מ",פרגולות עץ,+972 4-632-2267,חדרה,4.6
העץ הרצליה,פרגולות עץ,+972 9-950-7151,אבן יהודה,4.5
ים הפרזול,פרגולות עץ,+972 9-884-5497,נתניה,4.4
אבי אלוש עבודות עץ,דקים,+972 52-353-4336,אבן יהודה,5.0
גיל גנים,דקים,+972 52-876-9846,נתניה,5.0
צל העץ פרגולות גגות ודקים,דקים,+972 54-553-2939,קדימה,5.0
פאר יבוא ושיווק דשא סינטטי,דקים,+972 52-483-2220,כפר יונה,5.0
Unique Parquet Flooring,דקים,+972 53-303-0424,כפר יונה,5.0
ערבות תכנון והקמת גינות,דקים,+972 52-243-9449,כפר יונה,5.0
"י.ר אשכנזי בע""מ",דקים,+972 50-836-3760,כפר יונה,5.0
Hi Deck,דקים,+972 52-282-4988,חדרה,5.0
פרגולות חדרה,דקים,+972 52-635-7778,חדרה,5.0
מנעולן דלתות בחדרה/מתקין דלתות.,דקים,+972 53-333-1858,חדרה,5.0
אלי יפת - שיפוצים מעצבי חיים,דקים,+972 54-805-4262,פרדס חנה,5.0
יואב גולמבה - עיצוב ובנייה בעץ,דקים,+972 54-778-1214,עולש,5.0
באבא אבן - משתלת א. את שמעון,דקים,+972 52-604-6044,אבן יהודה,4.9
"עצים בע""מ",דקים,+972 9-772-1660,קדימה,4.9
אינסטלטור - ע.מ שירותי אינסטלציה,דקים,+972 52-626-2724,חדרה,4.9
סאן דק צבעים,דקים,+972 1-700-707-110,נתניה,4.8
מוקד חום,דקים,+972 1-700-559-595,קדימה,4.8
"חברת ""הגג היפה"" פרגולות, גדרות שערים, סוככים מסכי וילונות גלילה",דקים,+972 77-231-0353,אור עקיבא,4.8
ש.עיצוב לגן,דקים,+972 53-226-2685,חדרה,4.8
תפארת - מרכז הפרקטים והדקורציה,דקים,+972 4-632-5612,חדרה,4.8
G.M.I SYSTEMS ltd,מערכות אזעקה,+972 9-866-3667,נתניה,5.0
מערכות אבטחה ותקשורת S.I,מערכות אזעקה,+972 52-512-5630,נתניה,5.0
התקנת מצלמת אבטחה סיגנל מצלמות אבטחה,מערכות אזעקה,+972 9-833-2498,נתניה,5.0
מצלמות ומערכות אבטחה אלסק,מערכות אזעקה,+972 55-970-5013,נתניה,5.0
התקנת מצלמות אבטחה בנתניה | רם מערכות אבטחה ומיגון,מערכות אזעקה,+972 52-637-9995,נתניה,5.0
א.ס מערכות תקשורת,מערכות אזעקה,+972 54-244-4144,חדרה,5.0
ענף תקשורת,מערכות אזעקה,+972 52-245-1800,אבן יהודה,5.0
אמי מערכות אזעקה ותקשורת,מערכות אזעקה,+972 50-873-3386,תל מונד,5.0
YKT,מערכות אזעקה,+972 54-581-4685,כפר יונה,5.0
ד.ש מערכות אבטחה מתקדמות,מערכות אזעקה,+972 50-684-6606,נתניה,5.0
אור מערכות אזעקה ותקשורת,מערכות אזעקה,+972 9-796-4469,תל מונד,5.0
שילדפרו סיסטמס,מערכות אזעקה,+972 58-600-4009,חדרה,5.0
א.א מערכות כיבוי אש,מערכות אזעקה,+972 52-750-0756,חדרה,5.0
אייל מיגון ואבטחה,מערכות אזעקה,+972 53-297-1444,חדרה,5.0
א מערכות,מערכות אזעקה,+972 1-700-503-033,חדרה,5.0
שחר יובל אלקטרוניקה,מערכות אזעקה,+972 50-241-8769,פרדס חנה,5.0
סמארט קומפורט,מערכות אזעקה,+972 52-257-9999,אור עקיבא,5.0
"""שיסג"" בית חכם ומערכות מתח נמוך",מערכות אזעקה,+972 9-880-2693,נתניה,4.9
סטריאו סאונד - חנות מערכת קולנוע ביתית וסטריאו - מכירה והתקנה,מערכות אזעקה,+972 50-795-8164,קדימה,4.9
בסט סאונד - אביזרי רכב בחדרה,מערכות אזעקה,+972 52-511-6363,חדרה,4.9
אחזקת מבנים בנתניה החברה לאחזקת מבנים,חברת אחזקה,+972 50-800-4563,נתניה,5.0
Sun ניהול ואחזקת מבנים,חברת אחזקה,+972 50-760-8630,נתניה,5.0
מ.ג- ניקיון ואחזקה,חברת אחזקה,+972 50-770-5600,נתניה,5.0
אי אמ ג׳י ניהול ואחזקת מבנים,חברת אחזקה,+972 50-589-8837,נתניה,5.0
קומפלט ניהול ואחזקות מבנים,חברת אחזקה,+972 54-655-3594,נתניה,5.0
חברת ניקיון בנתניה,חברת אחזקה,+972 77-996-6807,נתניה,5.0
ניחוחות המשי,חברת אחזקה,+972 77-213-0100,נתניה,5.0
פ.א.י אחזקות,חברת אחזקה,+972 52-259-2677,נתניה,5.0
ניקוי בתים בנתניה,חברת אחזקה,+972 52-969-7945,נתניה,5.0
מדביר בנתניה אבגי,חברת אחזקה,+972 54-774-4267,נתניה,5.0
"אלי בושרי יועץ נדל""ן אבניו נכסים",חברת אחזקה,+972 52-468-6005,אבן יהודה,5.0
חברת ניקיון בכפר יונה,חברת אחזקה,+972 77-729-8382,כפר יונה,5.0
מים חיים המומחים לתשתיות ומערכות המים והאינסטלציה,חברת אחזקה,+972 54-880-4048,קדימה,5.0
אואקיל חשמל ואחזקה חשמלאי מוסמך ראשי ביקורת חברת חשמל תלת פאזי תאורות גינה עמדות טעינה חשמל בתים ומוסדות,חברת אחזקה,+972 52-227-5541,נתניה,5.0
מכבסת צורן - מכבסה בקדימה | ניקוי יבש | גיהוץ,חברת אחזקה,+972 55-452-3578,קדימה,5.0
לוביקס - lobix | ניהול נכסים ואחזקת מבנים,חברת אחזקה,+972 55-305-3242,פרדס חנה,5.0
ליאור גיאת תיווך נדל״ן בפרדס חנה כרכור והסביבה,חברת אחזקה,+972 50-687-8755,פרדס חנה,5.0
"ברקמייר נדל""ן - תיווך נכסים פרדס חנה",חברת אחזקה,+972 4-672-5216,פרדס חנה,5.0
אור עקיבא ניהול נכסים AI NADLAN,חברת אחזקה,+972 4-617-0618,אור עקיבא,5.0
דותן המדביר,חברת אחזקה,+972 50-399-6148,אור עקיבא,5.0
יצחק קרדי מפקח עבודות בניה,מפקח בניה,+972 53-776-8104,אבן יהודה,5.0
"ירון אדן - ביצוע, ניהול, פיקוח פרוייקטים",מפקח בניה,+972 52-522-2333,אבן יהודה,5.0
"גל הראל - ניהול, פיקוח בניה לבתים פרטיים בע""מ",מפקח בניה,+972 52-636-4630,כפר יונה,5.0
מפקח בניה גדעון אביבי,מפקח בניה,+972 52-640-5411,קדימה,5.0
ש.ל. הנדסה,מפקח בניה,+972 72-392-5123,נתניה,5.0
פלור שמרת פיקוח וניהול פרויקטים,מפקח בניה,+972 77-954-2750,אבן יהודה,5.0
מורג ניהול פרויקטים,מפקח בניה,+972 52-351-3661,קדימה,5.0
אלון ניב מפקח בניה- Alon Niv,מפקח בניה,+972 54-585-8420,פרדס חנה,5.0
"פמניב פרויקטים בע""מ",מפקח בניה,+972 9-764-7030,תל מונד,5.0
א.אשד ניהול פרויקטים בע״מ,מפקח בניה,+972 52-601-5870,תל מונד,5.0
"י.ר אשכנזי בע""מ",מפקח בניה,+972 50-836-3760,כפר יונה,5.0
"יסודות הבניה בע""מ. קבלן שלד, קבלן בנין",מפקח בניה,+972 9-894-2933,כפר יונה,5.0
קבלן ומפקח בנייה- ש.ל.א בנייה ופיקוח בע״מ,מפקח בניה,+972 52-534-8840,חדרה,5.0
זכי גמליאל ״זה בדק בעמ״ בדק בית פיקוח וייעוץ הנדסי,מפקח בניה,+972 77-795-0900,חדרה,5.0
ורד ומוטי מלכה אדריכלים,מפקח בניה,+972 4-626-3899,קיסריה,5.0
מרכז הבניה הישראלי,מפקח בניה,+972 9-962-1736,נתניה,4.6
"אודי מסינגר בנייה בע""מ - קבלן מפתח והנדסאי אדריכלות",מפקח בניה,+972 9-765-2241,אבן יהודה,4.6
"יניב ג. הנדסה ובנייה בע""מ",מפקח בניה,+972 9-863-3744,נתניה,4.3
מפקח בניה אמיר ארליך,מפקח בניה,+972 52-247-7004,כפר ויתקין,4.2
מפקח בניה,מפקח בניה,+972 50-965-5163,נתניה,
"טל גואטה קונסטרוקטורית , יועצת מיגון",קונסטרוקטור,+972 52-651-0853,נתניה,5.0
"קלגו - יעוץ קרקע וגיאוטכניקה בע""מ",קונסטרוקטור,+972 9-878-3735,נתניה,5.0
ש.ל. הנדסה,קונסטרוקטור,+972 72-392-5123,נתניה,5.0
החברה למבנים מסוכנים,קונסטרוקטור,+972 58-791-6608,נתניה,5.0
סעדה משה,קונסטרוקטור,+972 52-334-5823,נתניה,5.0
עדי ארונוב,קונסטרוקטור,+972 54-574-2300,אבן יהודה,5.0
"ירון אדן - ביצוע, ניהול, פיקוח פרוייקטים",קונסטרוקטור,+972 52-522-2333,אבן יהודה,5.0
א.מ.ן - הנדסה אזרחית,קונסטרוקטור,+972 77-406-0804,פרדס חנה,5.0
גל הנדסה תכנון וקונסטרוקציה,קונסטרוקטור,+972 54-662-5525,תל מונד,5.0
"יסודות הבניה בע""מ. קבלן שלד, קבלן בנין",קונסטרוקטור,+972 9-894-2933,כפר יונה,5.0
שובה סלמאן,קונסטרוקטור,+972 9-894-0991,כפר יונה,5.0
חדד עידן,קונסטרוקטור,+972 4-621-2090,חדרה,5.0
"צמרת גני חדרה 1989 בע""מ",קונסטרוקטור,+972 74-779-0872,חדרה,5.0
י. ארזוני ובנו,קונסטרוקטור,+972 4-633-0819,חדרה,5.0
"קבוצת איסקוב נדל""ן - Isakov Group",קונסטרוקטור,+972 52-680-9445,חדרה,5.0
מיכל טוסון אדריכלים - Tousson Architects,קונסטרוקטור,+972 54-667-4074,פרדס חנה,5.0
4model,קונסטרוקטור,+972 54-239-3962,קיסריה,5.0
ורד ומוטי מלכה אדריכלים,קונסטרוקטור,+972 4-626-3899,קיסריה,5.0
רושנרוז - בניה ניהול יזמות,קונסטרוקטור,+972 53-740-5637,פרדס חנה,5.0
"ישראל אפשטיין מהנדסים בע""מ",קונסטרוקטור,+972 50-523-1484,קיסריה,4.8
טיטאן ניסור וקידוח בטון,קידוח בטון,+972 50-463-7514,נתניה,4.5
Ketiart - אדריכלות ועיצוב פנים,מעצב בית,+972 52-480-8339,נתניה,5.0
תהילה גור מעצבת פנים Tehila Gur,מעצב בית,+972 52-287-8888,נתניה,5.0
אדריכל משה אלמוג,מעצב בית,+972 9-835-9845,נתניה,5.0
קבוצת וקסברג - אדריכלות ועיצוב פנים - שינויי דיירים ותכנון בתים פרטיים,מעצב בית,+972 54-308-6775,נתניה,5.0
פאינה גולבר חלצי | עיצוב פנים וסטיילינג לבית,מעצב בית,+972 54-492-4133,כפר יונה,5.0
צפנת רוזנק - תכנון ועיצוב פנים,מעצב בית,+972 52-895-2892,נתניה,5.0
שובה אדריכלות,מעצב בית,+972 52-350-5505,נתניה,5.0
ED אתי דרעי תכנון ועיצוב פנים,מעצב בית,+972 54-740-1079,נתניה,5.0
איי אס דיזיין - A.s Design,מעצב בית,+972 53-470-0583,נתניה,5.0
מטבחי שלישמן - מטבחים בנתניה מטבחים כפריים ומודרניים אולם תצוגה קולקציה 2025,מעצב בית,+972 52-251-3136,נתניה,5.0
עמי ברמי - תכנון ועיצוב פנים,מעצב בית,+972 50-669-3153,מכמורת,5.0
Sharon Sagiv Interior Design,מעצב בית,+972 52-577-9333,אבן יהודה,5.0
סהר הוד אדריכלית,מעצב בית,+972 52-641-8789,אבן יהודה,5.0
עינב יהודה- עיצוב פנים,מעצב בית,+972 54-775-4955,קדימה,5.0
עדי ארונוב,מעצב בית,+972 54-574-2300,אבן יהודה,5.0
אפרת רז - עיצוב פנים,מעצב בית,+972 52-733-3183,קדימה,5.0
רעות קטרי- אדריכלות ועיצוב פנים,מעצב בית,+972 50-777-6808,אבן יהודה,5.0
"Vivi's - ויויאן ברמן ,תכנון, עיצוב פנים וניהול פרויקטים",מעצב בית,+972 52-351-0487,קדימה,5.0
Elephant Design לירון שנהר,מעצב בית,+972 52-644-2557,קדימה,5.0
ליאורה הגן פיין | אדריכלות ועיצוב פנים,מעצב בית,+972 54-590-1530,קדימה,5.0
מנוף סל הרמה - נתניה,שירותי מנוף,+972 52-256-0711,נתניה,5.0
יונתי הרמות,שירותי מנוף,+972 54-483-5861,נתניה,5.0
סימו הרמות,שירותי מנוף,+972 50-900-4010,נתניה,5.0
ליאור הובלות ואחסנה,שירותי מנוף,+972 50-636-4012,נתניה,5.0
"שלום בנימין ובניו בע""מ",שירותי מנוף,+972 9-862-8421,נתניה,5.0
הרמות פלוס - שירותי הרמה מנוף חדרה והסביבה,שירותי מנוף,+972 50-666-7672,חדרה,5.0
רונן-הובלות ושירותי מנוף,שירותי מנוף,+972 52-488-6506,נתניה,5.0
הובלות השרון,שירותי מנוף,+972 54-436-2220,חדרה,5.0
"א.נ. ציוד כבד בע""מ",שירותי מנוף,+972 50-534-4925,פרדס חנה,5.0
אמיר הובלות,שירותי מנוף,+972 52-723-7222,אור עקיבא,5.0
מרימים שירותי הובלות,שירותי מנוף,+972 55-566-3199,פרדס חנה,5.0
סימו הרמות - מנופי נתניה,שירותי מנוף,+972 50-377-7100,נתניה,4.9
הובלות דירה,שירותי מנוף,+972 52-782-7823,נתניה,4.9
הובלות ושינוע - MoveMe,שירותי מנוף,+972 53-334-1733,נתניה,4.9
סתיו הובלות,שירותי מנוף,+972 50-250-0776,חדרה,4.9
טבע הובלות,שירותי מנוף,+972 54-330-2282,חדרה,4.9
מנוף הרמה המהיר בעיר,שירותי מנוף,+972 50-404-1000,נתניה,4.6
"מ.בר תחזוקה בע""מ",שירותי מנוף,+972 4-637-8595,קיסריה,4.6
משא ומתן הובלות,שירותי מנוף,+972 52-294-6482,תל מונד,4.4
"עמרם אברהם חומרי בנין בע""מ",שירותי מנוף,+972 4-634-3105,חדרה,4.3
"גרניט/חיזוק אריחי שיש/ספק אבן/חיפוי יבש/אבן מור בע""מ",שיש,+972 50-382-2238,נתניה,5.0
שיש לגזיאל את גלינוס,שיש,+972 53-722-3638,נתניה,5.0
מצבות קדימה,שיש,+972 55-687-2218,קדימה,5.0
MAI.DAN - תכשיטים,שיש,+972 52-843-8318,קדימה,5.0
וילונות דקו-אריג | וילונות לסלון | לבית | פתרונות הצללה,שיש,+972 50-727-3252,כפר יונה,5.0
הבלונדה - AblondA,שיש,+972 53-888-1201,כפר יונה,5.0
צבעי השיש,שיש,+972 4-622-2287,עמק חפר,5.0
the wooden eye,שיש,+972 53-830-6833,אור עקיבא,5.0
בוץ - סטודיו לקדרות,שיש,+972 50-863-7119,קיסריה,5.0
מארצ׳לו - חנות תצוגה לאבן טבעית ושיש,שיש,+972 52-272-4344,פרדס חנה,5.0
גלי שגב - עיצוב פנים,שיש,+972 54-440-0318,פרדס חנה,5.0
דני אבונפחא,שיש,+972 54-484-1234,פרדס חנה,5.0
אלי יפת - שיפוצים מעצבי חיים,שיש,+972 54-805-4262,פרדס חנה,5.0
עידו קנדה - IDO KENDE- JEWELERY ARTIST,שיש,+972 50-344-4423,פרדס חנה,5.0
אלירן אלומיניום,שיש,+972 50-784-3535,פרדס חנה,5.0
קבוצת אדרת מיגון לישראל,שיש,+972 50-565-5805,פרדס חנה,5.0
"מיכל שלגי, אדריכלות",שיש,+972 52-322-3240,פרדס חנה,5.0
אבי עבודות גמר ושיפוצים,שיש,+972 4-627-2979,פרדס חנה,5.0
Fine Finish - פיין פיניש פרקטים וחיפויים,שיש,+972 50-993-4993,אור עקיבא,5.0
באבא אבן - משתלת א. את שמעון,שיש,+972 52-604-6044,אבן יהודה,4.9
"ד""ר מוטי מינץ שמאות מקרקעין",שמאי מקרקעין,+972 50-886-8871,נתניה,5.0
שמאות ישראל - ישראל אמסלם שמאי מקרקעין וכלכלן,שמאי מקרקעין,+972 54-919-7002,נתניה,5.0
"יוסי ליבוביץ' שמאות מקרקעין וייעוץ נדל""ן",שמאי מקרקעין,+972 52-596-9795,נתניה,5.0
שמאי מקרקעין נתניה דניאל ביטון,שמאי מקרקעין,+972 54-235-2911,נתניה,5.0
"מנשה ליבוביץ שמאות מקרקעין בע""מ",שמאי מקרקעין,+972 9-744-1474,נתניה,5.0
מורן גנון שמאית מקרקעין,שמאי מקרקעין,+972 50-722-1175,נתניה,5.0
הלוי לין שמאי מקרקעין,שמאי מקרקעין,+972 57-888-6770,נתניה,5.0
מיכל שריפי-שמאית מקרקעין,שמאי מקרקעין,+972 9-884-3315,נתניה,5.0
לאון פנקס שמאי מקרקעין,שמאי מקרקעין,+972 52-390-3504,קיסריה,5.0
ניצן מקובר - שמאי מקרקעין,שמאי מקרקעין,+972 54-319-1117,תל מונד,5.0
"אלי בושרי יועץ נדל""ן אבניו נכסים",שמאי מקרקעין,+972 52-468-6005,אבן יהודה,5.0
יונגר שמאות רכוש לנזקי מבנה,שמאי מקרקעין,+972 52-657-0574,חופית,5.0
יוסי אוזן - שמאי מקרקעין,שמאי מקרקעין,+972 54-784-1200,חדרה,5.0
‏אלונה זק פיטוסי- משרד שמאות מקרקעין‏,שמאי מקרקעין,+972 52-325-1221,פרדס חנה,5.0
"אבאייב ושות' עורכי דין ונוטריון -מקרקעין-נדל""ן ,נוטריון, צוואות וירושות.",שמאי מקרקעין,+972 54-987-7290,אור עקיבא,4.9
תומר נירפז שמאות מקרקעין,שמאי מקרקעין,+972 50-577-8676,חדרה,4.8
בר-לב תורקישר רובינזון כלכלה ושמאות מקרקעין,שמאי מקרקעין,+972 9-774-7734,נתניה,4.4
אברהם (רם) זיו - שמאות מקרקעין,שמאי מקרקעין,+972 54-767-1766,קדימה,4.3
"תמיר כהן & צבי קציר שמאות, בוררות וייעוץ במקרקעין",שמאי מקרקעין,+972 4-959-1112,חדרה,4.0
שי אמירה שמאי רכב,שמאי מקרקעין,+972 50-445-6773,כפר יונה,3.0
"ד""ר מוטי מינץ שמאות מקרקעין",שמאי רכוש,+972 50-886-8871,נתניה,5.0
שמאות ישראל - ישראל אמסלם שמאי מקרקעין וכלכלן,שמאי רכוש,+972 54-919-7002,נתניה,5.0
"יוסי ליבוביץ' שמאות מקרקעין וייעוץ נדל""ן",שמאי רכוש,+972 52-596-9795,נתניה,5.0
"מנשה ליבוביץ שמאות מקרקעין בע""מ",שמאי רכוש,+972 9-744-1474,נתניה,5.0
שמאי מקרקעין נתניה דניאל ביטון,שמאי רכוש,+972 54-235-2911,נתניה,5.0
מיכל שריפי-שמאית מקרקעין,שמאי רכוש,+972 9-884-3315,נתניה,5.0
מורן גנון שמאית מקרקעין,שמאי רכוש,+972 50-722-1175,נתניה,5.0
הלוי לין שמאי מקרקעין,שמאי רכוש,+972 57-888-6770,נתניה,5.0
שמאות רכוש וחקלאות - אומדן 360,שמאי רכוש,+972 58-666-5165,כפר יונה,5.0
יונגר שמאות רכוש לנזקי מבנה,שמאי רכוש,+972 52-657-0574,חופית,5.0
ניצן מקובר - שמאי מקרקעין,שמאי רכוש,+972 54-319-1117,תל מונד,5.0
"אלי בושרי יועץ נדל""ן אבניו נכסים",שמאי רכוש,+972 52-468-6005,אבן יהודה,5.0
שמעון לוזון שמאות רכוש,שמאי רכוש,+972 50-869-3564,חדרה,5.0
"ערן ביטון-אנגלו סכסון כפר יונה,פרדסיה והמושבים",שמאי רכוש,+972 9-899-2060,כפר יונה,5.0
לאון פנקס שמאי מקרקעין,שמאי רכוש,+972 52-390-3504,קיסריה,5.0
יוסי אוזן - שמאי מקרקעין,שמאי רכוש,+972 54-784-1200,חדרה,5.0
‏אלונה זק פיטוסי- משרד שמאות מקרקעין‏,שמאי רכוש,+972 52-325-1221,פרדס חנה,5.0
"ורד מלר שיווק ותיווך נדל""ן בפרדס חנה כרכור- מכירה/קניה/השכרה/יזמות/אחזקת נכסים",שמאי רכוש,+972 54-584-2354,פרדס חנה,5.0
משרד עורכי דין שבתאי את כפיר,שמאי רכוש,+972 4-636-3341,אור עקיבא,5.0
תומר נירפז שמאות מקרקעין,שמאי רכוש,+972 50-577-8676,חדרה,4.8
תיקון שערים חשמליים - רויאל תיקון ומכירת שערים חשמליים,שערים ומחסומים,+972 50-376-5577,כפר יונה,5.0
"ספיר הצללה - פרגולות אלומיניום, גדרות ושערים, סגירת מרפסות",שערים ומחסומים,+972 1-700-500-978,אור עקיבא,5.0
אבי שערים,שערים ומחסומים,+972 50-672-3200,חדרה,4.9
ראש הייטק - אוטומציה לשערים חשמליים,שערים ומחסומים,+972 9-833-1147,נתניה,4.0
פרץ שערים אוטומטיים חשמליים,שערים ומחסומים,+972 4-634-2596,חדרה,2.5
שטיחי כרמל נתניה,תיקון שטיחים,+972 73-290-4622,נתניה,5.0
קלין ירין - ניקוי ספות שטיחים מזרנים,תיקון שטיחים,+972 54-361-1161,כפר יונה,5.0
ניקוי ספות בנתניה אלירן,תיקון שטיחים,+972 54-900-9822,נתניה,5.0
מכבסת צורן - מכבסה בקדימה | ניקוי יבש | גיהוץ,תיקון שטיחים,+972 55-452-3578,קדימה,5.0
שיר קלין - ניקוי ספות וכל סוגי הבדים,תיקון שטיחים,+972 50-916-5556,חדרה,5.0
"מבריק בשרון - ניקוי ספות, שטיחים וריפודים בביתך",תיקון שטיחים,+972 9-376-0704,קדימה,5.0
חברת ניקיון בכפר יונה,תיקון שטיחים,+972 77-729-8382,כפר יונה,5.0
ניקוי ספות בחדרה לי-רן ניקוי שטיחים,תיקון שטיחים,+972 54-976-3579,חדרה,5.0
תומר בסון טכנאי מסוג אחר,תיקון שטיחים,+972 54-471-8522,חדרה,5.0
שטיפת רכבים הייטק - YYH,תיקון שטיחים,+972 52-818-1879,פרדס חנה,5.0
עמית ניקוי ריפודים,תיקון שטיחים,+972 53-220-1623,אור עקיבא,5.0
V בניקיון,תיקון שטיחים,+972 52-823-3534,אור עקיבא,5.0
Fine Finish - פיין פיניש פרקטים וחיפויים,תיקון שטיחים,+972 50-993-4993,אור עקיבא,5.0
פונפוני Ponponi - מדבקות קיר,תיקון שטיחים,+972 52-396-5545,אור עקיבא,5.0
רידו,תיקון שטיחים,+972 9-965-1777,נתניה,4.9
IL Detailing ציפוי ננו לרכב - סדנת דיטיילינג - חנות מוצרי טיפוח ומוצרי דיטיילינג לרכב,תיקון שטיחים,+972 54-443-5333,אבן יהודה,4.9
יורוקלין - מכבסה | ניקוי יבש,תיקון שטיחים,+972 52-299-2274,תל מונד,4.9
תותחי הניקיון,תיקון שטיחים,+972 53-270-8192,פרדס חנה,4.9
מכבסת הראשונים Harishonim laundry,תיקון שטיחים,+972 77-323-5111,פרדס חנה,4.9
"אליאס וקסמן בע""מ",תיקון שטיחים,+972 4-624-9362,קיסריה,4.9
שטיחי כרמל נתניה,התקנת שטיחים מקיר לקיר,+972 73-290-4622,נתניה,5.0
Fine Finish - פיין פיניש פרקטים וחיפויים,התקנת שטיחים מקיר לקיר,+972 50-993-4993,אור עקיבא,5.0
רידו,התקנת שטיחים מקיר לקיר,+972 9-965-1777,נתניה,4.9
השטיח האדום - סניף נתניה,התקנת שטיחים מקיר לקיר,+972 54-710-9808,נתניה,4.8
תפארת - מרכז הפרקטים והדקורציה,התקנת שטיחים מקיר לקיר,+972 4-632-5612,חדרה,4.8
עדן פרקטים,התקנת שטיחים מקיר לקיר,+972 50-922-1899,חדרה,4.8
"יוריסטה -משווק ארצי קוויק- סטפ QUICK-STEP פרקטים מעץ , פרקט למינציה, פרקט פולימר, טפטים מעוצבים לקירות ווילונות בייצור אישי",התקנת שטיחים מקיר לקיר,+972 9-885-7082,נתניה,4.7
וושוושי washwashi פרדס חנה,התקנת שטיחים מקיר לקיר,+972 4-667-0235,פרדס חנה,4.5
ארגמן ניקוי שטיחים,התקנת שטיחים מקיר לקיר,+972 9-882-6262,נתניה,4.2
סוככים בנתניה סככות גל וקשת יצור מדידה והתקנות כל סוגי סוככים ופרגולות חשמלים,סוככים,+972 52-255-5557,נתניה,5.0
סככות,סוככים,+972 54-818-9443,נתניה,5.0
סגירות חורף - פתרונות חוץ | נתניה,סוככים,+972 54-921-5622,נתניה,5.0
"ספיר הצללה - פרגולות אלומיניום, גדרות ושערים, סגירת מרפסות",סוככים,+972 1-700-500-978,אור עקיבא,5.0
תראה לי דלת,סוככים,+972 77-803-8239,חדרה,4.9
"חברת ""הגג היפה"" פרגולות, גדרות שערים, סוככים מסכי וילונות גלילה",סוככים,+972 77-231-0353,אור עקיבא,4.8
Easy roof סוככים,סוככים,+972 53-212-0464,נתניה,4.7
דקו צל decotzel,סוככים,+972 9-958-1819,אבן יהודה,4.6
"התאומות חדרה בע""מ",סוככים,+972 50-549-6168,אור עקיבא,3.9
"שי טקס סוככים - סוככים קבועים, סוככים חשמליים ופתרונות הצללה.",סוככים,+972 9-862-2750,נתניה,3.3
שטיחי כרמל נתניה,התקנת פרקטים,+972 73-290-4622,נתניה,5.0
דלתות פולידור נתניה - בוטיק לפרקטים ודלתות מעוצבות,התקנת פרקטים,+972 55-454-3764,נתניה,5.0
Unique Parquet Flooring,התקנת פרקטים,+972 53-303-0424,כפר יונה,5.0
the wooden eye,התקנת פרקטים,+972 53-830-6833,אור עקיבא,5.0
Fine Finish - פיין פיניש פרקטים וחיפויים,התקנת פרקטים,+972 50-993-4993,אור עקיבא,5.0
רידו,התקנת פרקטים,+972 9-965-1777,נתניה,4.9
תפארת - מרכז הפרקטים והדקורציה,התקנת פרקטים,+972 4-632-5612,חדרה,4.8
עדן פרקטים,התקנת פרקטים,+972 50-922-1899,חדרה,4.8
"יוריסטה -משווק ארצי קוויק- סטפ QUICK-STEP פרקטים מעץ , פרקט למינציה, פרקט פולימר, טפטים מעוצבים לקירות ווילונות בייצור אישי",התקנת פרקטים,+972 9-885-7082,נתניה,4.7
R Line Parquet | פרקטים בנתניה,התקנת פרקטים,+972 50-391-1116,נתניה,4.7
סטון השרון,התקנת פרקטים,+972 72-397-2421,אבן יהודה,4.6
"אקוקה מיכאל מחסן עצים בע""מ",התקנת פרקטים,+972 4-637-1383,פרדס חנה,4.6
העץ הרצליה,התקנת פרקטים,+972 9-950-7151,אבן יהודה,4.5
תומיק,התקנת פרקטים,+972 54-598-2317,אבן יהודה,4.2
פרקט דיזיין,התקנת פרקטים,+972 52-648-4091,חדרה,4.0
דקופלוס פרקטים נתניה,התקנת פרקטים,+972 53-708-5300,נתניה,3.5
א.ב פרקטים,התקנת פרקטים,+972 52-561-0610,כפר יונה,3.0
מנעולן - אורי מנעולן מוסמך נתניה,מנעולן רכב,+972 50-775-6474,נתניה,5.0
אריאל מנעולן בנתניה,מנעולן רכב,+972 53-420-1216,נתניה,5.0
האלוף בשכפול- שכפול מפתחות ושלטים לרכב,מנעולן רכב,+972 55-725-8854,נתניה,5.0
אבי דלתות ומנעולים קריית השרון,מנעולן רכב,+972 52-567-8087,נתניה,5.0
רונן מנעולים - שכפול מפתחות,מנעולן רכב,+972 50-734-5000,נתניה,5.0
יוסי מנעולן באבן יהודה פורץ דלתות רכבים וכספות,מנעולן רכב,+972 50-444-3900,אבן יהודה,5.0
גולן המנעולן,מנעולן רכב,+1 678-756-7863,נתניה,5.0
מנעולן מקצועי ואמין,מנעולן רכב,+972 54-655-5580,כפר יונה,5.0
מנעולן בחדרה זהבי מנעולן,מנעולן רכב,+972 50-367-1463,חדרה,5.0
מנעולן בחדרה,מנעולן רכב,+972 50-830-3609,חדרה,5.0
מנעולן בחדרה - וובה המנעולן,מנעולן רכב,+972 50-919-6090,חדרה,5.0
מנעולן בחדרה רז כהן C.R,מנעולן רכב,+972 50-305-5012,חדרה,5.0
המושיע- מנעולן מוסמך בחדרה והסביבה,מנעולן רכב,+972 50-798-7044,חדרה,5.0
מנעולן דלתות בחדרה/מתקין דלתות.,מנעולן רכב,+972 53-333-1858,חדרה,5.0
"עדי לוגסי מנעולן פרדס חנה-כרכור,אור עקיבא, חדרה שירות ללא תחרות",מנעולן רכב,+972 50-681-8419,פרדס חנה,5.0
גיל פסקל המנעולן בשבילך,מנעולן רכב,+972 54-729-8453,נתניה,4.9
מנעולן בחדרה - סופר מנעולים ( מני ),מנעולן רכב,+972 52-474-0723,חדרה,4.9
מפתח לכל-קובי זלוטניק,מנעולן רכב,+972 4-632-2251,חדרה,4.9
גרר אופק - חדרה | אור עקיבא | קיסריה | בנימינה |פרדס חנה| זכרון יעקב,מנעולן רכב,+972 52-383-5774,אור עקיבא,4.9
מנעולן בנתניה קובי מנעולים שכפול מפתחות ושלטים לרכב ולבית,מנעולן רכב,+972 50-538-9116,נתניה,4.8
חברת ניקיון בנתניה,הסרת עובש,+972 77-996-6807,נתניה,5.0
"טולדנו שיקום נזקים | טיפול בעובש, שיקום נזקי מים ואש",הסרת עובש,+972 52-855-7513,כפר יונה,5.0
דיל 777 - מכונות שטיפה,הסרת עובש,+972 9-790-9830,אבן יהודה,5.0
א.ל שיקום ושיפוץ מבנים בע''מ,הסרת עובש,+972 53-580-5893,חדרה,5.0
מכבסת צורן - מכבסה בקדימה | ניקוי יבש | גיהוץ,הסרת עובש,+972 55-452-3578,קדימה,5.0
איתור נזילות מים בהובלת אושר לוי,הסרת עובש,+972 77-804-4839,נתניה,5.0
אמיקלין קאר דיטיילינג - עמוס דואני,הסרת עובש,+972 52-702-2201,חדרה,5.0
יורוקלין - מכבסה | ניקוי יבש,הסרת עובש,+972 52-299-2274,תל מונד,4.9
תותחי הניקיון,הסרת עובש,+972 53-270-8192,פרדס חנה,4.9
אופוריה לייזר,הסרת עובש,+972 52-510-7888,חדרה,4.9
מכבסת הראשונים Harishonim laundry,הסרת עובש,+972 77-323-5111,פרדס חנה,4.9
חומרי ניקוי מקצועיים SAG אס.איי.ג'י,הסרת עובש,+972 50-978-0400,קיסריה,4.8
מכבסת בן חור,הסרת עובש,+972 4-626-1272,אור עקיבא,4.8
מכבסת המילניום,הסרת עובש,+972 9-882-5210,נתניה,4.7
שטיפת רכב vip,הסרת עובש,+972 54-789-0016,אור עקיבא,4.7
קומסס עולם של ניקיון,הסרת עובש,+972 9-744-0000,כפר ויתקין,4.6
מתפרה מכבסה Dress Service,הסרת עובש,+972 9-835-5058,נתניה,4.5
"סעדון יבוא שיווק והדברה בע""מ",הסרת עובש,+972 9-887-3565,נתניה,4.5
אקפלה,הסרת עובש,+972 9-878-8883,אבן יהודה,4.5
BONDING,הסרת עובש,+972 9-891-9123,אבן יהודה,4.5
פאר יבוא ושיווק דשא סינטטי,כריתת עצים,+972 52-483-2220,כפר יונה,5.0
באבא אבן - משתלת א. את שמעון,כריתת עצים,+972 52-604-6044,אבן יהודה,4.9
"עצים בע""מ",כריתת עצים,+972 9-772-1660,קדימה,4.9
גיזום עצים אורי גיזומים🌴🥇,כריתת עצים,+972 50-264-9999,חדרה,4.8
מעץ לעץ- מזרנים בשיווק ישיר,כריתת עצים,+972 52-661-2103,אור עקיבא,4.7
"אקוקה מיכאל מחסן עצים בע""מ",כריתת עצים,+972 4-637-1383,פרדס חנה,4.6
"הלביץ ברוך בע""מ",כריתת עצים,+972 4-632-2267,חדרה,4.6
הכל לנגר עיצובים,כריתת עצים,+972 4-626-2131,אור עקיבא,4.6
העץ הרצליה,כריתת עצים,+972 9-950-7151,אבן יהודה,4.5
"עץ ועצה תעשיות ומסחר בע""מ",כריתת עצים,+972 77-804-3084,חדרה,4.4
נוימן מקצוענים בעץ,כריתת עצים,+972 4-633-9422,קיסריה,4.4
ויקטור מחסן עצים ורעפים,כריתת עצים,+972 53-338-2158,נתניה,4.3
דורון עצים להסקה כריתה וגיזום,כריתת עצים,+972 52-997-1717,כפר יונה,4.3
"מיאטוביץ בע""מ - יבוא מסחר ואספקת עץ",כריתת עצים,+972 54-723-3581,חדרה,4.0
שי לעץ גיזום עצים בכל גובה וכריתת עצים,כריתת עצים,+972 52-268-4953,נתניה,3.7
"וודסטוק סחר עץ בע""מ",כריתת עצים,+972 4-622-4291,חדרה,3.3
אביר כריתה גיזום עצים מסוכנים,כריתת עצים,+972 50-770-5705,כפר ויתקין,
"הסורגים השקופים, פטנט עולמי | קליר גארד ישראל",רשתות יתושים,+972 52-607-8744,נתניה,5.0
ביץ' האוס,רשתות יתושים,+972 9-833-3225,נתניה,4.9
"מאסטרו אלומיניום בע""מ",רשתות יתושים,+972 4-622-1773,חדרה,4.8
"פתח, חלון ודלת בע""מ",רשתות יתושים,+972 9-887-3311,נתניה,4.5
אורות וחשמל - חשמל תאורה בנתניה | מאוורר תקרה | גופי תאורה | חשמל חכם | אביזרי חשמל | טיימר לדוד,רשתות יתושים,+972 9-833-8811,נתניה,4.5
העץ הרצליה,רשתות יתושים,+972 9-950-7151,אבן יהודה,4.5
הום סטופ,רשתות יתושים,+972 9-772-5364,אבן יהודה,4.2
שטיבאי,רשתות יתושים,+972 1-700-700-514,אור עקיבא,3.5
מ.ע. תקשורת,צלחות לווין,+972 9-861-9769,נתניה,5.0
גרין מקלחונים - מקלחונים איכותיים במחירים מעולים,צלחות לווין,+972 50-343-4827,חדרה,4.9
ארז רובין / אל פי אר,צלחות לווין,+972 73-731-6006,כפר יונה,4.8
"אריאל גלאס ייבוא ,שיווק ,תכנון וביצוע בתחום הזכוכית והפלדה",צלחות לווין,+972 3-690-9494,חדרה,4.8
קונדיטוריית תענוגות,צלחות לווין,+972 54-218-9450,פרדס חנה,4.8
"מ.ל. שיווק אינסטלציה וכלים סניטריים בע""מ",צלחות לווין,+972 54-534-4445,אבן יהודה,4.7
יוגלך - אפיה ביתית,צלחות לווין,+972 50-333-9961,פרדס חנה,4.6
מור מ. תקשורת בע''מ,צלחות לווין,+972 54-227-0124,פרדס חנה,4.6
לה מוזה פטיסרי,צלחות לווין,+972 4-622-4444,פרדס חנה,4.6
leaven patisserie boulangerie - לאוון מאפייה וקונדיטוריה,צלחות לווין,+972 54-353-1867,פרדס חנה,4.5
"צ.ל.ע.ציוד לעבודות עפר בע""מ",צלחות לווין,+972 4-622-5591,עמק חפר,4.4
לפה,צלחות לווין,+972 58-798-7127,פרדס חנה,4.2
פרפקט ליין נתניה,צלחות לווין,+972 9-885-4025,נתניה,2.6
"זכוכית לינוי בע""מ - פרינטה",מקלחונים,+972 50-530-9530,נתניה,5.0
חבוש דיזיין,מקלחונים,+972 9-741-4500,קדימה,5.0
א.ר גלאס - ייצור והתקנת עבודות זכוכית מקלחונים בהתאמה אישית,מקלחונים,+972 50-577-7874,נתניה,4.9
גרין מקלחונים - מקלחונים איכותיים במחירים מעולים,מקלחונים,+972 50-343-4827,חדרה,4.9
IL Detailing ציפוי ננו לרכב - סדנת דיטיילינג - חנות מוצרי טיפוח ומוצרי דיטיילינג לרכב,מקלחונים,+972 54-443-5333,אבן יהודה,4.9
הדר קרמיקה,מקלחונים,+972 9-865-8123,נתניה,4.8
"אריאל גלאס ייבוא ,שיווק ,תכנון וביצוע בתחום הזכוכית והפלדה",מקלחונים,+972 3-690-9494,חדרה,4.8
"הכל לאמבט בע""מ - מוצרי אמבט",מקלחונים,+972 77-336-5449,חדרה,4.7
אדר זכוכית,מקלחונים,+972 9-885-9902,נתניה,4.6
אמבטלי,מקלחונים,+972 77-207-1004,נתניה,4.6
"רון קרמיקה בע""מ",מקלחונים,+972 4-621-3070,חדרה,4.6
היפוס - ארונות אמבטיה וכלים סניטרים | Hippos,מקלחונים,+972 73-802-7374,נתניה,4.5
עלי זהב 2002,מקלחונים,+972 9-882-3684,נתניה,4.5
ניגא,מקלחונים,+972 3-615-7700,נתניה,4.5
חן קרמיקה,מקלחונים,+972 4-633-3667,חדרה,4.5
I.D.O GLASS - ייצור ושיווק עבודות זכוכית,מקלחונים,+972 54-505-0080,נתניה,4.4
"אברהם קראדי ובניו בע""מ- המרכז לעיצוב הבית",מקלחונים,+972 4-692-4090,אור עקיבא,4.4
Camping Life Aluminum Ramp Manufacturer,מקלחונים,+972 52-321-4741,אור עקיבא,4.4
"שבירו זכוכית בע""מ - Shviro Glass Ltd",מקלחונים,+972 73-779-8220,קדימה,4.2
ונציה קרמיקה,מקלחונים,+972 9-882-8272,נתניה,4.1
"זכוכית לינוי בע""מ - פרינטה",עיצוב זכוכית,+972 50-530-9530,נתניה,5.0
תובל-מינימל,עיצוב זכוכית,+972 9-898-7492,אבן יהודה,5.0
HUIZE,עיצוב זכוכית,+972 9-860-1262,קדימה,5.0
Caesarea Glass זכוכית קיסריה,עיצוב זכוכית,+972 52-501-5700,קיסריה,5.0
בלונים לאירועים אופיר בלונים,עיצוב זכוכית,+972 52-398-5266,תל מונד,5.0
"Noona נונה - מיתוג אירועים, עיצוב גרפי, מתנות אישיות והדפסות על מוצרים",עיצוב זכוכית,+972 54-998-9527,חדרה,5.0
דני אבונפחא,עיצוב זכוכית,+972 54-484-1234,פרדס חנה,5.0
מסגור תמונות ומראות - עזרתי שמשון,עיצוב זכוכית,+972 4-627-5255,פרדס חנה,5.0
סילביה צימרמן,עיצוב זכוכית,+972 4-610-0208,קיסריה,5.0
א.ר גלאס - ייצור והתקנת עבודות זכוכית מקלחונים בהתאמה אישית,עיצוב זכוכית,+972 50-577-7874,נתניה,4.9
זגגות - זכוכית ספיר,עיצוב זכוכית,+972 9-882-4353,נתניה,4.9
Speculo Glassblowing Studio In Caesarea ספקולו סטודיו לניפוח זכוכית בקיסריה,עיצוב זכוכית,+972 55-992-4478,קיסריה,4.9
תראה לי דלת,עיצוב זכוכית,+972 77-803-8239,חדרה,4.9
רובי גלאס,עיצוב זכוכית,+972 9-833-1617,נתניה,4.8
"אריאל גלאס ייבוא ,שיווק ,תכנון וביצוע בתחום הזכוכית והפלדה",עיצוב זכוכית,+972 3-690-9494,חדרה,4.8
פרחי סיגל תל מונד,עיצוב זכוכית,+972 52-259-1519,תל מונד,4.8
ערכים יזמות תיירות בע''מ,עיצוב זכוכית,+972 52-822-9280,קיסריה,4.7
אדר זכוכית,עיצוב זכוכית,+972 9-885-9902,נתניה,4.6
זגגות רכב נתניה,עיצוב זכוכית,+972 9-882-9469,נתניה,4.6
שולחני הערוך,עיצוב זכוכית,+972 50-720-2027,כפר יונה,4.6
איתור נזילות בנתניה גילוי נזילות בנתניה,איתור נזילות,+972 50-800-4159,נתניה,5.0
ד.ש טכנולוגיות- מתמחים באיתורי נזילות ותיקונים ללא הרס,איתור נזילות,+972 54-303-7924,נתניה,5.0
איתור נזילות מים בהובלת אושר לוי,איתור נזילות,+972 77-804-4839,נתניה,5.0
ארז רובין איתור נזילות,איתור נזילות,+972 50-528-2928,נתניה,5.0
אינסטלטור Plumber26,איתור נזילות,+972 54-579-7599,נתניה,5.0
"ליקדט איתור נזילות בע""מ",איתור נזילות,+972 54-979-8169,אבן יהודה,5.0
מים חיים המומחים לתשתיות ומערכות המים והאינסטלציה,איתור נזילות,+972 54-880-4048,קדימה,5.0
LEAKBUSTER,איתור נזילות,+972 52-770-9933,תל מונד,5.0
"חום קור אינסטלציה , איתור נזילות , פיצוץ בצנרת",איתור נזילות,+972 52-917-1507,חדרה,5.0
בן שטרית פרויקטים,איתור נזילות,+972 52-888-8003,אור עקיבא,5.0
איתור נזילות רפאל ומתן סבן RMS,איתור נזילות,+972 54-227-2333,נתניה,4.9
"אי. אס סקורה אחזקות בע""מ",איתור נזילות,+972 72-322-2590,קדימה,4.9
אינסטלטור - ע.מ שירותי אינסטלציה,איתור נזילות,+972 52-626-2724,חדרה,4.9
איתור נזילות וטיפול בנזקי מים | רומיטק,איתור נזילות,+972 77-230-7750,נתניה,4.8
חן האינסטלטור,איתור נזילות,+972 52-351-3714,נתניה,4.7
"מ.ל. שיווק אינסטלציה וכלים סניטריים בע""מ",איתור נזילות,+972 54-534-4445,אבן יהודה,4.7
WaterLeak איתור נזילות ואבחון כשלים במערכות אינסטלציה,איתור נזילות,+972 54-385-8560,חדרה,
מ.א מאתרים,איתור נזילות,+972 72-259-5085,חדרה,
איטום גגות בנתניה מאור איטום,זיפות גגות,+972 72-338-6989,נתניה,5.0
איטומי שרון,זיפות גגות,+972 50-694-7306,נתניה,5.0
"מטרופוליס - איטום ושיקום מבנים בע""מ",זיפות גגות,+972 76-802-0440,נתניה,5.0
קבלן שיפוצים והרחבת מבנים - מאיר חג'אג',זיפות גגות,+972 50-473-3626,נתניה,5.0
גג חן,זיפות גגות,+972 53-758-8171,אבן יהודה,5.0
"יריב אטיאס - בנייה, גמר ושיפוצים",זיפות גגות,+972 54-316-8640,פרדס חנה,5.0
האחים תמם,זיפות גגות,+972 52-690-6677,נתניה,4.7
איטום בחדרה מאור איטום גגות,זיפות גגות,+972 50-830-8594,חדרה,4.5
אחים שחם סניף קדימה,זיפות גגות,+972 9-891-2227,קדימה,4.3
קבלן שיפוצים פרדס חנה כרכור איטום גג צוות יונתן,זיפות גגות,+972 53-527-3611,פרדס חנה,
חברת ניקיון בנתניה,ניקיון משרדים,+972 77-996-6807,נתניה,5.0
מ.ג- ניקיון ואחזקה,ניקיון משרדים,+972 50-770-5600,נתניה,5.0
ניקוי בתים בנתניה,ניקיון משרדים,+972 52-969-7945,נתניה,5.0
שפיץ נקיונות השמה וכוח אדם,ניקיון משרדים,+972 53-306-0099,נתניה,5.0
חברת ניקיון בכפר יונה,ניקיון משרדים,+972 77-729-8382,כפר יונה,5.0
קליניקס פרימיום - ניקיון משרדים,ניקיון משרדים,+972 3-643-3535,חדרה,5.0
שיר קלין - ניקוי ספות וכל סוגי הבדים,ניקיון משרדים,+972 50-916-5556,חדרה,5.0
יורוקלין - מכבסה | ניקוי יבש,ניקיון משרדים,+972 52-299-2274,תל מונד,4.9
תותחי הניקיון,ניקיון משרדים,+972 53-270-8192,פרדס חנה,4.9
בניקו - שיווק מוצרי ניקיון,ניקיון משרדים,+972 50-227-7390,פרדס חנה,4.9
הלקוח המרוצה,ניקיון משרדים,+972 73-728-7059,נתניה,4.7
פאי חברת ניקיון בנתניה,ניקיון משרדים,+972 72-335-5594,נתניה,4.6
מג'יק קלין- ניקוי ספות כפר יונה,ניקיון משרדים,+972 72-321-6864,כפר יונה,3.4
הנוצץ,ניקיון משרדים,+972 54-493-9113,חדרה,3.0
אלוף בניקיון,ניקיון משרדים,+972 52-953-9300,נתניה,
clean and green - נקיון משרדים,ניקיון משרדים,+972 54-350-7963,אור עקיבא,
ניקיון משרדים - לירן אחזקות,ניקיון משרדים,+972 52-856-0000,חדרה,
א.ב. מבריק,ניקיון משרדים,+972 50-902-0605,חדרה,
חברת ניקיון באור עקיבא,ניקיון משרדים,+972 77-231-8055,אור עקיבא,
ניקוי ספות בנתניה אלירן,ניקוי ספות,+972 54-900-9822,נתניה,5.0
קלין ירין - ניקוי ספות שטיחים מזרנים,ניקוי ספות,+972 54-361-1161,כפר יונה,5.0
"טל ניקוי ספות, שטיחים וריפודים",ניקוי ספות,+972 55-306-9920,נתניה,5.0
"מבריק בשרון - ניקוי ספות, שטיחים וריפודים בביתך",ניקוי ספות,+972 9-376-0704,קדימה,5.0
ניקיון הצפון - ניקוי ספות ושטיחים,ניקוי ספות,+972 55-961-7452,קדימה,5.0
מכבסת צורן - מכבסה בקדימה | ניקוי יבש | גיהוץ,ניקוי ספות,+972 55-452-3578,קדימה,5.0
סולה רהיטים בשרון בהתאמה אישית,ניקוי ספות,+972 54-887-7474,תל מונד,5.0
שיר קלין - ניקוי ספות וכל סוגי הבדים,ניקוי ספות,+972 50-916-5556,חדרה,5.0
חברת ניקיון בכפר יונה,ניקוי ספות,+972 77-729-8382,כפר יונה,5.0
ניקוי ספות בחדרה לי-רן ניקוי שטיחים,ניקוי ספות,+972 54-976-3579,חדרה,5.0
עמית ניקוי ריפודים,ניקוי ספות,+972 53-220-1623,אור עקיבא,5.0
V בניקיון,ניקוי ספות,+972 52-823-3534,אור עקיבא,5.0
IL Detailing ציפוי ננו לרכב - סדנת דיטיילינג - חנות מוצרי טיפוח ומוצרי דיטיילינג לרכב,ניקוי ספות,+972 54-443-5333,אבן יהודה,4.9
יורוקלין - מכבסה | ניקוי יבש,ניקוי ספות,+972 52-299-2274,תל מונד,4.9
תותחי הניקיון,ניקוי ספות,+972 53-270-8192,פרדס חנה,4.9
מכבסת הנשיא,ניקוי ספות,+972 4-622-1551,חדרה,4.8
שטיפת רכב vip,ניקוי ספות,+972 54-789-0016,אור עקיבא,4.7
מכבסה בכפר,ניקוי ספות,+972 52-398-8271,כפר יונה,4.6
פשוט ריהוט,ניקוי ספות,+972 58-641-8120,אבן יהודה,4.5
אקפלה,ניקוי ספות,+972 9-878-8883,אבן יהודה,4.5
קלין ירין - ניקוי ספות שטיחים מזרנים,ניקוי שטיחים,+972 54-361-1161,כפר יונה,5.0
ניקוי ספות בנתניה אלירן,ניקוי שטיחים,+972 54-900-9822,נתניה,5.0
שיר קלין - ניקוי ספות וכל סוגי הבדים,ניקוי שטיחים,+972 50-916-5556,חדרה,5.0
מכבסת צורן - מכבסה בקדימה | ניקוי יבש | גיהוץ,ניקוי שטיחים,+972 55-452-3578,קדימה,5.0
"מבריק בשרון - ניקוי ספות, שטיחים וריפודים בביתך",ניקוי שטיחים,+972 9-376-0704,קדימה,5.0
ניקיון הצפון - ניקוי ספות ושטיחים,ניקוי שטיחים,+972 55-961-7452,קדימה,5.0
חברת ניקיון בכפר יונה,ניקוי שטיחים,+972 77-729-8382,כפר יונה,5.0
ניקוי ספות בחדרה לי-רן ניקוי שטיחים,ניקוי שטיחים,+972 54-976-3579,חדרה,5.0
שטיפת רכבים הייטק - YYH,ניקוי שטיחים,+972 52-818-1879,פרדס חנה,5.0
V בניקיון,ניקוי שטיחים,+972 52-823-3534,אור עקיבא,5.0
עמית ניקוי ריפודים,ניקוי שטיחים,+972 53-220-1623,אור עקיבא,5.0
יורוקלין - מכבסה | ניקוי יבש,ניקוי שטיחים,+972 52-299-2274,תל מונד,4.9
תותחי הניקיון,ניקוי שטיחים,+972 53-270-8192,פרדס חנה,4.9
מכבסת הראשונים Harishonim laundry,ניקוי שטיחים,+972 77-323-5111,פרדס חנה,4.9
השטיח האדום - סניף נתניה,ניקוי שטיחים,+972 54-710-9808,נתניה,4.8
מכבסת הנשיא,ניקוי שטיחים,+972 4-622-1551,חדרה,4.8
תפארת - מרכז הפרקטים והדקורציה,ניקוי שטיחים,+972 4-632-5612,חדרה,4.8
מכבסת בן חור,ניקוי שטיחים,+972 4-626-1272,אור עקיבא,4.8
חומרי ניקוי מקצועיים SAG אס.איי.ג'י,ניקוי שטיחים,+972 50-978-0400,קיסריה,4.8
מכבסת המילניום,ניקוי שטיחים,+972 9-882-5210,נתניה,4.7
"דובי הסעות בע""מ",מיניבוס,+972 50-640-1741,חדרה,5.0
מונית גדולה לנתבג 7 - 8 מקומות - ההסעות של הכורדי,מיניבוס,+972 72-395-0405,נתניה,5.0
"שירן נסיעות - שירותי הסעות בע""מ",מיניבוס,+972 1-700-707-170,נתניה,5.0
מוניות נתניה SEVEN לחיצה אחת - מונית בדרך.,מיניבוס,+972 9-977-7777,נתניה,5.0
אלכס הסעות - חברה להסעות וטיולים,מיניבוס,+972 50-719-4203,חדרה,5.0
מוניות כפר יונה,מיניבוס,+972 54-687-7577,כפר יונה,5.0
אלכס הסעות שירותי הסעות בחדרה,מיניבוס,+972 54-656-4641,חדרה,5.0
מוניות אור עקיבא/קיסריה מוניות רזיאל,מיניבוס,+972 52-881-8434,אור עקיבא,5.0
מוניות אילן יעקב,מיניבוס,+972 50-239-3966,אור עקיבא,5.0
אבישי שירותי מוניות,מיניבוס,+972 50-680-6204,אור עקיבא,5.0
משי הסעות - הסעות עובדים,מיניבוס,+972 50-549-3440,נתניה,4.9
"הסעות פרידמן בע""מ",מיניבוס,+972 52-266-0703,פרדס חנה,4.9
י.מ הסעות,מיניבוס,+972 55-561-3181,חדרה,4.9
רובי מוניות,מיניבוס,+972 52-630-0443,פרדס חנה,4.7
מונית אור עקיבא אזור השרון - יוני,מיניבוס,+972 52-445-5538,אור עקיבא,4.6
מוניות קרית השרון נתניה,מיניבוס,+972 9-832-3333,נתניה,4.5
"אביבי עובדיה הסעות וטיולים בע""מ",מיניבוס,+972 9-833-6224,נתניה,4.2
מוניות כפר יונה והסביבה,מיניבוס,+972 50-510-0082,כפר יונה,4.2
מוניות פרדס חנה 24 שעות,מיניבוס,+972 54-483-3428,פרדס חנה,4.0
"אצ טס הסעות בע""מ",מיניבוס,+972 4-632-2894,חדרה,3.8
מכבסת צורן - מכבסה בקדימה | ניקוי יבש | גיהוץ,ניקוי מזגנים,+972 55-452-3578,קדימה,5.0
כפיר בשארי טכנאי מקררים בנתניה,ניקוי מזגנים,+972 54-454-9603,כפר יונה,5.0
חברת ניקיון בכפר יונה,ניקוי מזגנים,+972 77-729-8382,כפר יונה,5.0
קלין ירין - ניקוי ספות שטיחים מזרנים,ניקוי מזגנים,+972 54-361-1161,כפר יונה,5.0
טכנאי מזגנים אור עקיבא רודי,ניקוי מזגנים,+972 54-794-4004,אור עקיבא,5.0
עמית ניקוי ריפודים,ניקוי מזגנים,+972 53-220-1623,אור עקיבא,5.0
V בניקיון,ניקוי מזגנים,+972 52-823-3534,אור עקיבא,5.0
מיזוג ואחזקה,ניקוי מזגנים,+972 54-710-6464,נתניה,4.9
מזגנים - תיקון התקנת מזגן - טכנאי מזגנים,ניקוי מזגנים,+972 55-922-5569,כפר יונה,4.9
יורוקלין - מכבסה | ניקוי יבש,ניקוי מזגנים,+972 52-299-2274,תל מונד,4.9
דניאל מיזוג אוויר ניקוי ותיקון מזגנים,ניקוי מזגנים,+972 58-403-0133,כפר יונה,4.8
שער הקור טכנאי מזגנים והתקנות,ניקוי מזגנים,+972 52-613-5986,נתניה,4.8
טכנאי מזגנים מוסמך- פרדס חנה כרכור,ניקוי מזגנים,+972 55-669-0288,פרדס חנה,4.8
מכבסת בן חור,ניקוי מזגנים,+972 4-626-1272,אור עקיבא,4.8
אלכס ארונוב,ניקוי מזגנים,+972 52-261-3501,אור עקיבא,4.7
שטיפת רכב vip,ניקוי מזגנים,+972 54-789-0016,אור עקיבא,4.7
מכבסה בכפר,ניקוי מזגנים,+972 52-398-8271,כפר יונה,4.6
טכנאי מזגנים בחדרה משה טכנאי מזגנים,ניקוי מזגנים,+972 50-830-8589,חדרה,4.4
מכבסת Dr.Clean בקדימה,ניקוי מזגנים,+972 50-451-1142,קדימה,4.3
רוני - מקררים ומיזוג אוויר,ניקוי מזגנים,+972 50-450-3040,תל מונד,4.3
שירותי הדברה והרחקת יונים - מנחם הדברות,מרחיק יונים,+972 54-210-5407,נתניה,5.0
חזי הרחקת יונים,מרחיק יונים,+972 50-866-9906,חדרה,5.0
טרמינקסט הדברות ולכידת נחשים,מרחיק יונים,+972 52-882-8816,כפר יונה,5.0
פרויקט יונה - project yonna | הרחקת יונים,מרחיק יונים,+972 55-262-9926,חדרה,5.0
מגנור הרחקה אלקטרונית - Magnor Ltd,מרחיק יונים,+972 1-700-700-028,נתניה,4.1
הדברת עכברים וחולדות,מרחיק יונים,+972 50-830-3462,כפר יונה,3.9
גל ירוק | הרחקת יונים - הדברת מזיקים,מרחיק יונים,+972 8-869-0359,חדרה,2.5
אלירן אלומיניום,רשתות לחלונות,+972 50-784-3535,פרדס חנה,5.0
דרור תיקוני תריסים וחלונות. בקר איכות נסיון של 22 שנה,רשתות לחלונות,+972 52-707-5813,בת חפר,5.0
א.ס מערכות תקשורת,רשתות לחלונות,+972 54-244-4144,חדרה,5.0
"המרכיבים חדרה (1989) בע""מ",רשתות לחלונות,+972 4-633-2763,חדרה,5.0
תראה לי דלת,רשתות לחלונות,+972 77-803-8239,חדרה,4.9
מעבדת אלקטרוניקה יצחק- תיקון מחשבים ניידים ואלקטרוניקה לתעשייה,רשתות לחלונות,+972 50-597-4233,חדרה,4.9
"מאסטרו אלומיניום בע""מ",רשתות לחלונות,+972 4-622-1773,חדרה,4.8
"מ.נ מערכות לתחבורה ולתעשיה בע""מ",רשתות לחלונות,+972 4-622-0111,עמק חפר,4.6
"הלביץ ברוך בע""מ",רשתות לחלונות,+972 4-632-2267,חדרה,4.6
iBath ישראל,רשתות לחלונות,+972 53-225-8572,עמק חפר,4.6
"פתח, חלון ודלת בע""מ",רשתות לחלונות,+972 9-887-3311,נתניה,4.5
"יעקב מלכה בע""מ",רשתות לחלונות,+972 4-633-7572,חדרה,4.4
Bug - באג,רשתות לחלונות,+972 4-951-8299,חדרה,4.1
לוסיא גלס,רשתות לחלונות,+972 4-634-1729,חדרה,3.9
שופרסל,רשתות לחלונות,+972 4-634-3311,חדרה,3.8
האחים כהן שיפוצים - מנחם כהן קבלן רשום במרכז ובשרון,סיוד,+972 53-724-7397,נתניה,5.0
הצובעים - צביעת דירות \ משרדים \ חידוש דקים,סיוד,+972 52-301-0805,חדרה,5.0
ליאור ביטון שיפוצים בנייה וגמר,סיוד,+972 52-245-3320,חדרה,5.0
היחידה לשיפוצים - קבלן שיפוצים עם ניסיון,סיוד,+972 53-536-4593,נתניה,4.9
הנדימן דורון תיקונים שיפוצים לעסק בית עבודות גבס צבע שפכטל אינסטלציה התקנת טלווזיות מדפים ארנות בנתניה והסביבה,סיוד,+972 55-948-6799,נתניה,4.8
מרכז אלונים,סיוד,+972 4-631-8849,חדרה,3.2
ליאור הובלות ואחסנה,הובלות קטנות,+972 50-636-4012,נתניה,5.0
הובלות מקסים - מעבר דירה בנתניה | Перевозки Максим,הובלות קטנות,+972 53-770-1628,נתניה,5.0
Good Moving,הובלות קטנות,+972 54-833-9569,נתניה,5.0
הובלות בכל הארץ - מובילים בהובלות,הובלות קטנות,+972 53-793-4097,כפר יונה,5.0
מרימים שירותי הובלות,הובלות קטנות,+972 55-566-3199,פרדס חנה,5.0
הובלות השרון,הובלות קטנות,+972 54-436-2220,חדרה,5.0
רונן-הובלות ושירותי מנוף,הובלות קטנות,+972 52-488-6506,נתניה,5.0
אמיר הובלות,הובלות קטנות,+972 52-723-7222,אור עקיבא,5.0
דוד הובלות,הובלות קטנות,+972 53-769-0595,אור עקיבא,5.0
הובלות דירה,הובלות קטנות,+972 52-782-7823,נתניה,4.9
הובלות ושינוע - MoveMe,הובלות קטנות,+972 53-334-1733,נתניה,4.9
ולדימיר – הובלות דירות בנתניה,הובלות קטנות,+972 54-529-7227,נתניה,4.9
טבע הובלות,הובלות קטנות,+972 54-330-2282,חדרה,4.9
סתיו הובלות,הובלות קטנות,+972 50-250-0776,חדרה,4.9
מעבר דירה - LaMoov,הובלות קטנות,+972 54-778-0088,חדרה,4.7
משא ומתן הובלות,הובלות קטנות,+972 52-294-6482,תל מונד,4.4
שניר הובלות,הובלות קטנות,+972 52-238-9158,חדרה,3.7
הובלות בפרדס חנה בלו הובלות,הובלות קטנות,+972 54-801-6375,פרדס חנה,3.7
רפאל הובלות,הובלות קטנות,+972 52-452-6881,חדרה,2.8
הובלות תומר,הובלות קטנות,+972 50-289-4545,חדרה,
איתור נזילות מים בהובלת אושר לוי,רטיבות תת רצפתית,+972 77-804-4839,נתניה,5.0
איטומי שרון,רטיבות תת רצפתית,+972 50-694-7306,נתניה,5.0
סטון השרון,רטיבות תת רצפתית,+972 72-397-2421,אבן יהודה,4.6
"אלון.ח פתרונות בע""מ - ייבוש תת רצפתי",רטיבות תת רצפתית,+972 50-548-8467,נתניה,
אומנות בדק הבית,בדק בית,+972 55-725-1400,חדרה,5.0
זכי גמליאל ״זה בדק בעמ״ בדק בית פיקוח וייעוץ הנדסי,בדק בית,+972 77-795-0900,חדרה,5.0
בדק בית-מבנים,בדק בית,+972 77-792-2622,פרדס חנה,4.9
המרכז הוטרינרי של קיסריה ואור עקיבא. חירום 24/7 בתאום טלפוני,בדק בית,+972 4-618-0334,קיסריה,4.8
"בית חב""ד קדימה",בדק בית,+972 58-555-1770,קדימה,4.7
קפה בגולף - caffe bagolf,בדק בית,+972 4-774-3733,קיסריה,4.2
בדק הבית,בדק בית,+972 50-277-0778,נתניה,
בדק בית יעוץ זוגי,בדק בית,+972 54-453-2568,תל מונד,
צדק מהנדסים - בדק בית ואיתור ליקויי בניה,בדק בית,+972 50-597-5659,תל מונד,
חשמלאי בנתניה דוד,קולטי שמש,+972 9-372-0209,נתניה,5.0
"כל-בו מים בע""מ",קולטי שמש,+972 52-244-4314,אבן יהודה,5.0
א.מקור האנרגיה,קולטי שמש,+972 50-783-7762,חדרה,5.0
אינסטלטור מומלץ בחדרה - אלירן תיקון דודי שמש,קולטי שמש,+972 52-840-7197,חדרה,5.0
דודי שמש צבאן,קולטי שמש,+972 50-528-4047,חדרה,5.0
התקנת מערכת סולארית,קולטי שמש,+972 53-920-6662,חדרה,5.0
מסגור תמונות ומראות - עזרתי שמשון,קולטי שמש,+972 4-627-5255,פרדס חנה,5.0
קסטרו ציון,קולטי שמש,+972 4-637-9462,פרדס חנה,5.0
שירי מאיר דוודים,קולטי שמש,+972 4-637-3784,פרדס חנה,5.0
ארז רובין / אל פי אר,קולטי שמש,+972 73-731-6006,כפר יונה,4.8
איציק דודי שמש,קולטי שמש,+972 50-538-0570,אור עקיבא,4.8
פיצה שמש - תל מונד,קולטי שמש,+972 9-767-6769,תל מונד,4.7
שמש תקשורת,קולטי שמש,+972 9-742-1100,תל מונד,4.7
רדיו סנטר חדרה,קולטי שמש,+972 4-621-2125,חדרה,4.7
ע.מ שיווק והפצה,קולטי שמש,+972 4-627-0194,פרדס חנה,4.5
סמיקום לקסיס - Semicom lexis main,קולטי שמש,+972 9-761-1222,אבן יהודה,4.4
דודי שמש פאר,קולטי שמש,+972 1-800-313-133,נתניה,4.3
פיצה שמש (אור ים) אור עקיבא,קולטי שמש,+972 4-876-7789,אור עקיבא,4.0
דודי פאר - דודי שמש פאר נתניה,קולטי שמש,+972 50-541-4999,נתניה,3.9
התותח דודי שמש,קולטי שמש,+972 1-700-700-537,נתניה,3.7
